power	current	time
0.22600	43.50000	5
0.22600	43.50000	10
0.22600	43.50000	15
0.22600	43.50000	20
0.22600	43.50000	25
0.22600	43.50000	30
0.22600	43.50000	35
0.22600	43.50000	40
0.22600	43.50000	45
0.22600	43.50000	49
0.22600	43.50000	54
0.22600	43.50000	59
0.22600	43.50000	65
0.33800	64.60000	70
0.33800	64.60000	75
0.33800	64.60000	80
0.33800	64.60000	84
0.33800	64.60000	89
0.33800	64.60000	94
0.33800	64.60000	99
0.33800	64.60000	105
0.33800	64.60000	110
0.33800	64.60000	115
0.33800	64.60000	119
0.33800	64.60000	124
0.33800	64.60000	129
0.31200	60.10000	134
0.31200	60.10000	139
0.31200	60.10000	144
0.31200	60.10000	150
0.31200	60.10000	155
0.31200	60.10000	160
0.31200	60.10000	165
0.31200	60.10000	169
0.31200	60.10000	174
0.31200	60.10000	179
0.31200	60.10000	184
0.31200	60.10000	190
0.31200	60.10000	195
0.31200	51.80000	200
0.26800	51.80000	205
0.26800	51.80000	210
0.26800	51.80000	215
0.26800	51.80000	219
0.26800	51.80000	224
0.26800	51.80000	229
0.26800	51.80000	235
0.26800	51.80000	240
0.26800	51.80000	245
0.26800	51.80000	250
0.26800	51.80000	255
0.26800	51.80000	260
0.26800	76.90000	265
0.40000	76.90000	269
0.40000	76.90000	275
0.40000	76.90000	280
0.40000	76.90000	285
0.40000	76.90000	290
0.40000	76.90000	295
0.40000	76.90000	300
0.40000	76.90000	305
0.40000	76.90000	309
0.40000	76.90000	314
0.40000	76.90000	320
0.40000	76.90000	325
0.40000	72.10000	330
0.37400	72.10000	335
0.37400	72.10000	340
0.37400	72.10000	345
0.37400	72.10000	350
0.37400	72.10000	354
0.37400	72.10000	360
0.37400	72.10000	365
0.37400	72.10000	370
0.37400	72.10000	375
0.37400	72.10000	380
0.37400	72.10000	385
0.37400	72.10000	390
0.37400	72.10000	395
0.33800	64.70000	400
0.33800	64.70000	405
0.33800	64.70000	410
0.33800	64.70000	415
0.33800	64.70000	420
0.33800	64.70000	425
0.33800	64.70000	430
0.33800	64.70000	435
0.33800	64.70000	440
0.33800	64.70000	446
0.33800	64.70000	450
0.33800	64.70000	455
0.33800	64.70000	460
0.45200	87.00000	465
0.45200	87.00000	470
0.45200	87.00000	475
0.45200	87.00000	480
0.45200	87.00000	485
0.45200	87.00000	491
0.45200	87.00000	495
0.45200	87.00000	500
0.45200	87.00000	505
0.45200	87.00000	510
0.45200	87.00000	515
0.45200	87.00000	520
0.45200	87.00000	525
0.46200	89.10000	531
0.46200	89.10000	536
0.46200	89.10000	540
0.46200	89.10000	545
0.46200	89.10000	550
0.46200	89.10000	555
0.46200	89.10000	560
0.46200	89.10000	565
0.46200	89.10000	570
0.46200	89.10000	576
0.46200	89.10000	581
0.46200	89.10000	586
0.46200	89.10000	590
0.46200	89.30000	595
0.46200	89.30000	600
0.46200	89.30000	605
0.46200	89.30000	610
0.46200	89.30000	616
0.46200	89.30000	621
0.46200	89.30000	626
0.46200	89.30000	631
0.46200	89.30000	636
0.46200	89.30000	640
0.46200	89.30000	645
0.46200	89.30000	650
0.46200	89.30000	655
0.46200	89.30000	661
0.46200	89.30000	666
0.46200	89.30000	671
0.46200	89.30000	676
0.46200	89.30000	681
0.46200	89.30000	685
0.46200	89.30000	690
0.46200	89.30000	695
0.46200	89.30000	701
0.46200	89.30000	706
0.46200	89.30000	711
0.46200	89.30000	716
0.46200	89.30000	721
0.46200	89.40000	726
0.46600	89.40000	730
0.46600	89.40000	735
0.46600	89.40000	740
0.46600	89.40000	746
0.46600	89.40000	751
0.46600	89.40000	756
0.46600	89.40000	761
0.46600	89.40000	766
0.46600	89.40000	771
0.46600	89.40000	776
0.46600	89.40000	780
0.46600	89.40000	785
0.46600	89.40000	791
0.46200	89.10000	796
0.46200	89.10000	801
0.46200	89.10000	806
0.46200	89.10000	811
0.46200	89.10000	816
0.46200	89.10000	821
0.46200	89.10000	825
0.46200	89.10000	831
0.46200	89.10000	836
0.46200	89.10000	841
0.46200	89.10000	846
0.46200	89.10000	851
0.46200	89.10000	856
0.48800	94.20000	861
0.48800	94.20000	866
0.48800	94.20000	872
0.48800	94.20000	876
0.48800	94.20000	881
0.48800	94.20000	886
0.48800	94.20000	891
0.48800	94.20000	896
0.48800	94.20000	901
0.48800	94.20000	906
0.48800	94.20000	911
0.48800	94.20000	917
0.48800	94.20000	921
0.48800	94.90000	926
0.49200	94.90000	931
0.49200	94.90000	936
0.49200	94.90000	941
0.49200	94.90000	946
0.49200	94.90000	951
0.49200	94.90000	957
0.49200	94.90000	962
0.49200	94.90000	967
0.49200	94.90000	971
0.49200	94.90000	976
0.49200	94.90000	981
0.49200	94.90000	986
0.49200	99.40000	991
0.51800	99.40000	996
0.51800	99.40000	1002
0.51800	99.40000	1007
0.51800	99.40000	1012
0.51800	99.40000	1017
0.51800	99.40000	1022
0.51800	99.40000	1027
0.51800	99.40000	1032
0.51800	99.40000	1036
0.51800	99.40000	1041
0.51800	99.40000	1047
0.51800	99.40000	1052
0.51800	60.50000	1057
0.31400	60.50000	1062
0.31400	60.50000	1067
0.31400	60.50000	1072
0.31400	60.50000	1077
0.31400	60.50000	1082
0.31400	60.50000	1088
0.31400	60.50000	1093
0.31400	60.50000	1098
0.31400	60.50000	1103
0.31400	60.50000	1108
0.31400	60.50000	1113
0.31400	60.50000	1118
0.31400	65.50000	1123
0.34000	65.50000	1129
0.34000	65.50000	1134
0.34000	65.50000	1139
0.34000	65.50000	1143
0.34000	65.50000	1148
0.34000	65.50000	1153
0.34000	65.50000	1158
0.34000	65.50000	1163
0.34000	65.50000	1168
0.34000	65.50000	1174
0.34000	65.50000	1179
0.34000	65.50000	1184
0.34000	81.20000	1189
0.42000	81.20000	1194
0.42000	81.20000	1199
0.42000	81.20000	1204
0.42000	81.20000	1209
0.42000	81.20000	1215
0.42000	81.20000	1220
0.42000	81.20000	1225
0.42000	81.20000	1230
0.42000	81.20000	1234
0.42000	81.20000	1239
0.42000	81.20000	1244
0.42000	81.20000	1249
0.42000	77.80000	1254
0.40400	77.80000	1260
0.40400	77.80000	1265
0.40400	77.80000	1270
0.40400	77.80000	1275
0.40400	77.80000	1280
0.40400	77.80000	1285
0.40400	77.80000	1290
0.40400	77.80000	1295
0.40400	77.80000	1301
0.40400	77.80000	1306
0.40400	77.80000	1311
0.40400	77.80000	1316
0.40400	83.10000	1321
0.43200	83.10000	1326
0.43200	83.10000	1330
0.43200	83.10000	1335
0.43200	83.10000	1341
0.43200	83.10000	1346
0.43200	83.10000	1351
0.43200	83.10000	1356
0.43200	83.10000	1361
0.43200	83.10000	1366
0.43200	83.10000	1371
0.43200	83.10000	1376
0.43200	83.10000	1381
0.43200	83.70001	1387
0.43600	83.70001	1392
0.43600	83.70001	1397
0.43600	83.70001	1402
0.43600	83.70001	1407
0.43600	83.70001	1412
0.43600	83.70001	1417
0.43600	83.70001	1422
0.43600	83.70001	1428
0.43600	83.70001	1433
0.43600	83.70001	1437
0.43600	83.70001	1442
0.43600	83.70001	1447
0.43600	117.20000	1452
0.61000	117.20000	1457
0.61000	117.20000	1462
0.61000	117.20000	1467
0.61000	117.20000	1473
0.61000	117.20000	1478
0.61000	117.20000	1483
0.61000	117.20000	1488
0.61000	117.20000	1493
0.61000	117.20000	1498
0.61000	117.20000	1503
0.61000	117.20000	1508
0.61000	117.20000	1514
0.61000	118.50000	1519
0.61200	118.50000	1524
0.61200	118.50000	1529
0.61200	118.50000	1534
0.61200	118.50000	1539
0.61200	118.50000	1544
0.61200	118.50000	1549
0.61200	118.50000	1555
0.61200	118.50000	1560
0.61200	118.50000	1565
0.61200	118.50000	1570
0.61200	118.50000	1575
0.61200	118.50000	1580
0.61200	128.79998	1585
0.66600	128.79998	1590
0.66600	128.79998	1595
0.66600	128.79998	1601
0.66600	128.79998	1606
0.66600	128.79998	1611
0.66600	128.79998	1616
0.66600	128.79998	1621
0.66600	128.79998	1626
0.66600	128.79998	1631
0.66600	128.79998	1636
0.66600	128.79998	1642
0.66600	128.79998	1647
0.66600	128.79998	1652
0.66600	128.79998	1657
0.66600	128.79998	1662
0.66600	128.79998	1667
0.66600	128.79998	1672
0.66600	128.79998	1677
0.66600	128.79998	1683
0.66600	128.79998	1688
0.66600	128.79998	1693
0.66600	128.79998	1698
0.66600	128.79998	1703
0.66600	128.79998	1708
0.66600	128.79998	1713
0.66600	128.79998	1718
0.66600	128.79998	1723
0.66600	128.79998	1729
0.66600	128.79998	1734
0.66600	128.79998	1739
0.66600	128.79998	1744
0.66600	128.79998	1749
0.66600	128.79998	1754
0.66600	128.79998	1759
0.66600	128.79998	1764
0.66600	128.79998	1770
0.66600	128.79998	1775
0.66600	128.79998	1780
0.66600	127.50000	1785
0.65800	127.50000	1790
0.65800	127.50000	1795
0.65800	127.50000	1800
0.65800	127.50000	1805
0.65800	127.50000	1811
0.65800	127.50000	1816
0.65800	127.50000	1821
0.65800	127.50000	1826
0.65800	127.50000	1831
0.65800	127.50000	1836
0.65800	127.50000	1841
0.65800	127.50000	1846
0.65800	127.09999	1851
0.65800	127.09999	1857
0.65800	127.09999	1862
0.65800	127.09999	1867
0.65800	127.09999	1872
0.65800	127.09999	1877
0.65800	127.09999	1882
0.65800	127.09999	1887
0.65800	127.09999	1892
0.65800	127.09999	1898
0.65800	127.09999	1903
0.65800	127.09999	1908
0.65800	127.09999	1913
0.66600	128.50000	1918
0.66600	128.50000	1923
0.66600	128.50000	1928
0.66600	128.50000	1933
0.66600	128.50000	1939
0.66600	128.50000	1944
0.66600	128.50000	1948
0.66600	128.50000	1953
0.66600	128.50000	1958
0.66600	128.50000	1963
0.66600	128.50000	1968
0.66600	128.50000	1973
0.66600	128.50000	1978
0.66600	128.19999	1984
0.66600	128.19999	1989
0.66600	128.19999	1994
0.66600	128.19999	1999
0.66600	128.19999	2004
0.66600	128.19999	2009
0.66600	128.19999	2014
0.66600	128.19999	2019
0.66600	128.19999	2025
0.66600	128.19999	2030
0.66600	128.19999	2035
0.66600	128.19999	2040
0.66600	128.19999	2045
0.81200	158.00000	2050
0.81200	158.00000	2055
0.81200	158.00000	2060
0.81200	158.00000	2065
0.81200	158.00000	2071
0.81200	158.00000	2076
0.81200	158.00000	2081
0.81200	158.00000	2086
0.81200	158.00000	2091
0.81200	158.00000	2096
0.81200	158.00000	2101
0.81200	158.00000	2106
0.81200	158.00000	2112
1.02800	199.80000	2117
1.02800	199.80000	2122
1.02800	199.80000	2127
1.02800	199.80000	2132
1.02800	199.80000	2136
1.02800	199.80000	2141
1.02800	199.80000	2146
1.02800	199.80000	2152
1.02800	199.80000	2157
1.02800	199.80000	2162
1.02800	199.80000	2167
1.02800	199.80000	2172
1.02800	199.80000	2177
1.02800	199.89999	2182
1.02800	199.89999	2187
1.02800	199.89999	2192
1.02800	199.89999	2198
1.02800	199.89999	2203
1.02800	199.89999	2208
1.02800	199.89999	2213
1.02800	199.89999	2218
1.02800	199.89999	2224
1.02800	199.89999	2229
1.02800	199.89999	2234
1.02800	199.89999	2240
1.02800	199.89999	2245
1.02800	199.80000	2250
1.02800	199.80000	2255
1.02800	199.80000	2260
1.02800	199.80000	2265
1.02800	199.80000	2269
1.02800	199.80000	2274
1.02800	199.80000	2280
1.02800	199.80000	2285
1.02800	199.80000	2290
1.02800	199.80000	2295
1.02800	199.80000	2300
1.02800	199.80000	2305
1.02800	199.80000	2310
1.02600	199.59999	2315
1.02600	199.59999	2320
1.02600	199.59999	2326
1.02600	199.59999	2331
1.02600	199.59999	2336
1.02600	199.59999	2341
1.02600	199.59999	2347
1.02600	199.59999	2352
1.02600	199.59999	2357
1.02600	199.59999	2362
1.02600	199.59999	2368
1.02600	199.59999	2373
1.02600	200.09999	2378
1.02800	200.09999	2383
1.02800	200.09999	2388
1.02800	200.09999	2393
1.02800	200.09999	2398
1.02800	200.09999	2403
1.02800	200.09999	2409
1.02800	200.09999	2414
1.02800	200.09999	2419
1.02800	200.09999	2424
1.02800	200.09999	2429
1.02800	200.09999	2434
1.02800	200.09999	2439
1.02800	197.59999	2444
1.01600	197.59999	2449
1.01600	197.59999	2455
1.01600	197.59999	2460
1.01600	197.59999	2465
1.01600	197.59999	2470
1.01600	197.59999	2475
1.01600	197.59999	2480
1.01600	197.59999	2485
1.01600	197.59999	2490
1.01600	197.59999	2496
1.01600	197.59999	2501
1.01600	197.59999	2506
1.01600	200.99998	2511
1.03600	200.99998	2516
1.03600	200.99998	2521
1.03600	200.99998	2526
1.03600	200.99998	2531
1.03600	200.99998	2537
1.03600	200.99998	2542
1.03600	200.99998	2547
1.03600	200.99998	2552
1.03600	200.99998	2557
1.03600	200.99998	2562
1.03600	200.99998	2567
1.03600	200.99998	2572
1.03600	179.69999	2577
0.92800	179.69999	2583
0.92800	179.69999	2588
0.92800	179.69999	2593
0.92800	179.69999	2598
0.92800	179.69999	2603
0.92800	179.69999	2608
0.92800	179.69999	2613
0.92800	179.69999	2618
0.92800	179.69999	2624
0.92800	179.69999	2629
0.92800	179.69999	2634
0.92800	179.69999	2639
0.92800	141.99998	2644
0.73400	141.99998	2649
0.73400	141.99998	2654
0.73400	141.99998	2659
0.73400	141.99998	2665
0.73400	141.99998	2670
0.73400	141.99998	2675
0.73400	141.99998	2680
0.73400	141.99998	2685
0.73400	141.99998	2690
0.73400	141.99998	2695
0.73400	141.99998	2700
0.73400	141.99998	2705
0.67800	131.30000	2711
0.67800	131.30000	2716
0.67800	131.30000	2721
0.67800	131.30000	2726
0.67800	131.30000	2731
0.67800	131.30000	2736
0.67800	131.30000	2741
0.67800	131.30000	2746
0.67800	131.30000	2752
0.67800	131.30000	2757
0.67800	131.30000	2762
0.67800	131.30000	2767
0.67800	131.30000	2772
0.69800	135.09999	2777
0.69800	135.09999	2782
0.69800	135.09999	2787
0.69800	135.09999	2793
0.69800	135.09999	2798
0.69800	135.09999	2803
0.69800	135.09999	2808
0.69800	135.09999	2813
0.69800	135.09999	2818
0.69800	135.09999	2823
0.69800	135.09999	2828
0.69800	135.09999	2833
0.69800	135.09999	2839
0.63200	122.30000	2844
0.63200	122.30000	2849
0.63200	122.30000	2854
0.63200	122.30000	2859
0.63200	122.30000	2864
0.63200	122.30000	2869
0.63200	122.30000	2874
0.63200	122.30000	2880
0.63200	122.30000	2885
0.63200	122.30000	2890
0.63200	122.30000	2895
0.63200	122.30000	2900
0.63200	122.30000	2905
0.57000	109.90000	2910
0.57000	109.90000	2915
0.57000	109.90000	2921
0.57000	109.90000	2926
0.57000	109.90000	2931
0.57000	109.90000	2936
0.57000	109.90000	2941
0.57000	109.90000	2946
0.57000	109.90000	2951
0.57000	109.90000	2956
0.57000	109.90000	2961
0.57000	109.90000	2967
0.57000	109.90000	2972
0.57000	110.00000	2977
0.57000	110.00000	2982
0.57000	110.00000	2987
0.57000	110.00000	2992
0.57000	110.00000	2996
0.57000	110.00000	3001
0.57000	110.00000	3007
0.57000	110.00000	3012
0.57000	110.00000	3017
0.57000	110.00000	3022
0.57000	110.00000	3027
0.57000	110.00000	3032
0.57000	109.90000	3037
0.57000	109.90000	3042
0.57000	109.90000	3048
0.57000	109.90000	3053
0.57000	109.90000	3058
0.57000	109.90000	3063
0.57000	109.90000	3068
0.57000	109.90000	3073
0.57000	109.90000	3078
0.57000	109.90000	3083
0.57000	109.90000	3088
0.57000	109.90000	3094
0.57000	109.90000	3099
0.57000	109.90000	3104
0.57000	109.90000	3109
0.57000	109.90000	3114
0.57000	109.90000	3119
0.57000	109.90000	3124
0.57000	109.90000	3129
0.57000	109.90000	3135
0.57000	109.90000	3140
0.57000	109.90000	3145
0.57000	109.90000	3150
0.57000	109.90000	3155
0.57000	109.90000	3160
0.57000	109.90000	3165
0.57000	109.90000	3170
0.57000	109.90000	3176
0.57000	109.90000	3181
0.57000	109.90000	3186
0.57000	109.90000	3191
0.57000	109.90000	3196
0.57000	109.90000	3201
0.57000	109.90000	3206
0.57000	109.90000	3211
0.57000	109.90000	3216
0.57000	109.90000	3222
0.57000	109.90000	3227
0.57000	109.90000	3232
0.57000	109.90000	3237
0.57000	109.90000	3242
0.57000	109.90000	3247
0.57000	109.90000	3252
0.57000	109.90000	3257
0.57000	109.90000	3263
0.57000	109.90000	3268
0.57000	109.90000	3273
0.57000	109.90000	3278
0.57000	109.90000	3283
0.57000	109.90000	3288
0.57000	109.90000	3293
0.57000	109.90000	3298
0.57000	109.90000	3304
0.57000	109.90000	3309
0.57000	109.90000	3314
0.57000	109.90000	3319
0.57000	109.90000	3324
0.57000	109.90000	3329
0.57000	109.90000	3334
0.57000	109.90000	3339
0.57000	109.90000	3344
0.57000	109.90000	3350
0.57000	109.90000	3355
0.57000	109.90000	3360
0.57000	109.90000	3365
0.57000	109.90000	3370
0.57000	109.90000	3375
0.57000	109.90000	3380
0.57000	109.90000	3385
0.57000	109.90000	3391
0.57000	109.90000	3396
0.57000	109.90000	3401
0.57000	109.90000	3406
0.57000	109.90000	3411
0.57000	109.90000	3416
0.57000	109.90000	3421
0.57000	109.90000	3426
0.57000	109.90000	3432
0.57000	109.90000	3437
0.57000	109.90000	3442
0.57000	109.90000	3447
0.57000	109.90000	3452
0.57000	109.90000	3457
0.57000	109.90000	3462
0.57000	109.90000	3467
0.57000	109.90000	3472
0.57000	109.90000	3478
0.57000	109.90000	3483
0.57000	109.90000	3488
0.57000	109.90000	3493
0.57000	109.90000	3498
0.57000	109.90000	3503
0.57000	109.90000	3508
0.57000	109.90000	3513
0.57000	109.90000	3519
0.57000	109.90000	3524
0.57000	109.90000	3529
0.57000	109.90000	3534
0.57000	109.90000	3539
0.57000	109.90000	3544
0.57000	109.90000	3549
0.57000	109.90000	3554
0.57000	109.90000	3560
0.57000	109.90000	3565
0.57000	109.90000	3570
0.57000	109.90000	3574
0.57000	109.90000	3579
0.57000	109.90000	3584
0.57000	109.90000	3589
0.57000	109.90000	3594
0.57000	109.90000	3599
0.57000	109.90000	3605
0.57000	109.90000	3610
0.57000	109.90000	3615
0.57000	109.90000	3620
0.57000	109.90000	3625
0.57000	109.90000	3630
0.57000	110.00000	3635
0.57000	110.00000	3640
0.57000	110.00000	3646
0.57000	110.00000	3651
0.57000	110.00000	3656
0.57000	110.00000	3661
0.57000	110.00000	3666
0.57000	110.00000	3671
0.57000	110.00000	3676
0.57000	110.00000	3681
0.57000	110.00000	3686
0.57000	110.00000	3692
0.57000	110.00000	3697
0.57000	110.40000	3702
0.57000	110.40000	3707
0.57000	110.40000	3712
0.57000	110.40000	3717
0.57000	110.40000	3722
0.57000	110.40000	3727
0.57000	110.40000	3733
0.57000	110.40000	3738
0.57000	110.40000	3743
0.57000	110.40000	3748
0.57000	110.40000	3753
0.57000	110.40000	3758
0.57000	110.40000	3763
0.72000	139.49998	3768
0.72000	139.49998	3774
0.72000	139.49998	3779
0.72000	139.49998	3784
0.72000	139.49998	3789
0.72000	139.49998	3794
0.72000	139.49998	3799
0.72000	139.49998	3804
0.72000	139.49998	3809
0.72000	139.49998	3814
0.72000	139.49998	3820
0.72000	139.49998	3825
0.72000	139.49998	3830
0.67200	129.60000	3835
0.67200	129.60000	3840
0.67200	129.60000	3845
0.67200	129.60000	3850
0.67200	129.60000	3855
0.67200	129.60000	3861
0.67200	129.60000	3866
0.67200	129.60000	3871
0.67200	129.60000	3876
0.67200	129.60000	3881
0.67200	129.60000	3886
0.67200	129.60000	3891
0.67200	129.50000	3896
0.66800	129.50000	3902
0.66800	129.50000	3907
0.66800	129.50000	3912
0.66800	129.50000	3917
0.66800	129.50000	3922
0.66800	129.50000	3927
0.66800	129.50000	3932
0.66800	129.50000	3937
0.66800	129.50000	3942
0.66800	129.50000	3948
0.66800	129.50000	3953
0.66800	129.50000	3958
0.66800	129.69999	3963
0.67200	129.69999	3968
0.67200	129.69999	3973
0.67200	129.69999	3978
0.67200	129.69999	3983
0.67200	129.69999	3989
0.67200	129.69999	3994
0.67200	129.69999	3999
0.67200	129.69999	4004
0.67200	129.69999	4009
0.67200	129.69999	4014
0.67200	129.69999	4019
0.67200	129.69999	4024
0.67200	129.79998	4030
0.67200	129.79998	4035
0.67200	129.79998	4040
0.67200	129.79998	4045
0.67200	129.79998	4050
0.67200	129.79998	4055
0.67200	129.79998	4060
0.67200	129.79998	4065
0.67200	129.79998	4070
0.67200	129.79998	4076
0.67200	129.79998	4081
0.67200	129.79998	4086
0.67200	129.79998	4091
0.67200	129.79998	4096
0.67200	129.79998	4101
0.67200	129.79998	4106
0.67200	129.79998	4111
0.67200	129.79998	4117
0.67200	129.79998	4122
0.67200	129.79998	4127
0.67200	129.79998	4132
0.67200	129.79998	4137
0.67200	129.79998	4142
0.67200	129.79998	4147
0.67200	129.79998	4152
0.67200	129.79998	4158
0.67200	130.59999	4163
0.67600	130.59999	4168
0.67600	130.59999	4173
0.67600	130.59999	4178
0.67600	130.59999	4183
0.67600	130.59999	4188
0.67600	130.59999	4193
0.67600	130.59999	4198
0.67600	130.59999	4204
0.67600	130.59999	4209
0.67600	130.59999	4214
0.67600	130.59999	4219
0.67600	130.59999	4224
0.67600	118.20000	4229
0.61200	118.20000	4234
0.61200	118.20000	4239
0.61200	118.20000	4245
0.61200	118.20000	4250
0.61200	118.20000	4255
0.61200	118.20000	4260
0.61200	118.20000	4265
0.61200	118.20000	4270
0.61200	118.20000	4275
0.61200	118.20000	4280
0.61200	118.20000	4286
0.61200	118.20000	4291
0.61000	117.59999	4296
0.61000	117.59999	4301
0.61000	117.59999	4306
0.61000	117.59999	4311
0.61000	117.59999	4316
0.61000	117.59999	4321
0.61000	117.59999	4326
0.61000	117.59999	4332
0.61000	117.59999	4337
0.61000	117.59999	4342
0.61000	117.59999	4347
0.61000	117.59999	4352
0.61000	117.59999	4357
0.80600	157.19999	4362
0.80600	157.19999	4367
0.80600	157.19999	4373
0.80600	157.19999	4378
0.80600	157.19999	4383
0.80600	157.19999	4388
0.80600	157.19999	4393
0.80600	157.19999	4398
0.80600	157.19999	4403
0.80600	157.19999	4408
0.80600	157.19999	4414
0.80600	157.19999	4419
0.80600	157.19999	4424
1.03200	200.39999	4429
1.03200	200.39999	4434
1.03200	200.39999	4439
1.03200	200.39999	4444
1.03200	200.39999	4449
1.03200	200.39999	4454
1.03200	200.39999	4460
1.03200	200.39999	4465
1.03200	200.39999	4470
1.03200	200.39999	4475
1.03200	200.39999	4480
1.03200	200.39999	4485
1.03200	200.39999	4490
0.93800	182.19999	4495
0.93800	182.19999	4501
0.93800	182.19999	4506
0.93800	182.19999	4511
0.93800	182.19999	4516
0.93800	182.19999	4521
0.93800	182.19999	4526
0.93800	182.19999	4531
0.93800	182.19999	4536
0.93800	182.19999	4542
0.93800	182.19999	4547
0.93800	182.19999	4552
0.93800	222.80000	4557
1.14400	222.80000	4562
1.14400	222.80000	4567
1.14400	222.80000	4572
1.14400	222.80000	4577
1.14400	222.80000	4582
1.14400	222.80000	4588
1.14400	222.80000	4593
1.14400	222.80000	4598
1.14400	222.80000	4603
1.14400	222.80000	4608
1.14400	222.80000	4613
1.14400	222.80000	4618
1.14400	181.30000	4623
0.93400	181.30000	4629
0.93400	181.30000	4634
0.93400	181.30000	4639
0.93400	181.30000	4644
0.93400	181.30000	4649
0.93400	181.30000	4654
0.93400	181.30000	4659
0.93400	181.30000	4664
0.93400	181.30000	4670
0.93400	181.30000	4675
0.93400	181.30000	4680
0.93400	181.30000	4685
0.93400	173.00000	4690
0.89200	173.00000	4695
0.89200	173.00000	4700
0.89200	173.00000	4705
0.89200	173.00000	4710
0.89200	173.00000	4716
0.89200	173.00000	4720
0.89200	173.00000	4725
0.89200	173.00000	4730
0.89200	173.00000	4735
0.89200	173.00000	4740
0.89200	173.00000	4745
0.89200	173.00000	4750
0.89200	206.29998	4756
1.05800	206.29998	4761
1.05800	206.29998	4766
1.05800	206.29998	4771
1.05800	206.29998	4776
1.05800	206.29998	4781
1.05800	206.29998	4786
1.05800	206.29998	4791
1.05800	206.29998	4797
1.05800	206.29998	4802
1.05800	206.29998	4807
1.05800	206.29998	4812
1.05800	206.29998	4817
1.05800	210.59999	4822
1.08400	210.59999	4827
1.08400	210.59999	4832
1.08400	210.59999	4837
1.08400	210.59999	4843
1.08400	210.59999	4848
1.08400	210.59999	4853
1.08400	210.59999	4858
1.08400	210.59999	4863
1.08400	210.59999	4868
1.08400	210.59999	4873
1.08400	210.59999	4878
1.08400	210.59999	4884
1.08400	211.89999	4889
1.09200	211.89999	4894
1.09200	211.89999	4899
1.09200	211.89999	4904
1.09200	211.89999	4909
1.09200	211.89999	4914
1.09200	211.89999	4919
1.09200	211.89999	4925
1.09200	211.89999	4930
1.09200	211.89999	4935
1.09200	211.89999	4940
1.09200	211.89999	4945
1.09200	211.89999	4950
1.09200	209.89999	4955
1.07400	209.89999	4960
1.07400	209.89999	4965
1.07400	209.89999	4971
1.07400	209.89999	4976
1.07400	209.89999	4981
1.07400	209.89999	4986
1.07400	209.89999	4992
1.07400	209.89999	4997
1.07400	209.89999	5002
1.07400	209.89999	5007
1.07400	209.89999	5013
1.07400	209.89999	5018
1.08800	211.69999	5023
1.08800	211.69999	5028
1.08800	211.69999	5033
1.08800	211.69999	5038
1.08800	211.69999	5043
1.08800	211.69999	5048
1.08800	211.69999	5054
1.08800	211.69999	5059
1.08800	211.69999	5064
1.08800	211.69999	5069
1.08800	211.69999	5074
1.08800	211.69999	5079
1.08800	211.69999	5084
1.07400	208.99998	5089
1.07400	208.99998	5094
1.07400	208.99998	5100
1.07400	208.99998	5105
1.07400	208.99998	5110
1.07400	208.99998	5115
1.07400	208.99998	5120
1.07400	208.99998	5125
1.07400	208.99998	5130
1.07400	208.99998	5135
1.07400	208.99998	5141
1.07400	208.99998	5146
1.07400	208.99998	5151
1.25600	246.50000	5156
1.25600	246.50000	5161
1.25600	246.50000	5166
1.25600	246.50000	5171
1.25600	246.50000	5176
1.25600	246.50000	5181
1.25600	246.50000	5186
1.25600	246.50000	5191
1.25600	246.50000	5196
1.25600	246.50000	5201
1.25600	246.50000	5206
1.25600	246.50000	5211
1.25600	246.50000	5216
1.51000	295.49996	5221
1.51000	295.49996	5227
1.51000	295.49996	5232
1.51000	295.49996	5237
1.51000	295.49996	5242
1.51000	295.49996	5247
1.51000	295.49996	5252
1.51000	295.49996	5257
1.51000	295.49996	5262
1.51000	295.49996	5268
1.51000	295.49996	5273
1.51000	295.49996	5278
1.51000	295.49996	5283
1.32800	259.29998	5288
1.32800	259.29998	5293
1.32800	259.29998	5298
1.32800	259.29998	5304
1.32800	259.29998	5310
1.32800	259.29998	5315
1.32800	259.29998	5320
1.32800	259.29998	5325
1.32800	259.29998	5330
1.32800	259.29998	5335
1.32800	259.29998	5340
1.32800	259.29998	5345
1.32800	250.09999	5350
1.28200	250.09999	5356
1.28200	250.09999	5361
1.28200	250.09999	5366
1.28200	250.09999	5371
1.28200	250.09999	5376
1.28200	250.09999	5381
1.28200	250.09999	5386
1.28200	250.09999	5391
1.28200	250.09999	5397
1.28200	250.09999	5402
1.28200	250.09999	5407
1.28200	250.09999	5412
1.28200	245.39999	5417
1.25800	245.39999	5422
1.25800	245.39999	5427
1.25800	245.39999	5432
1.25800	245.39999	5438
1.25800	245.39999	5443
1.25800	245.39999	5448
1.25800	245.39999	5453
1.25800	245.39999	5458
1.25800	245.39999	5463
1.25800	245.39999	5468
1.25800	245.39999	5473
1.25800	245.39999	5478
1.25800	245.09999	5484
1.25600	245.09999	5489
1.25600	245.09999	5494
1.25600	245.09999	5499
1.25600	245.09999	5504
1.25600	245.09999	5509
1.25600	245.09999	5514
1.25600	245.09999	5519
1.25600	245.09999	5525
1.25600	245.09999	5530
1.25600	245.09999	5535
1.25600	245.09999	5540
1.25600	245.09999	5545
1.25600	228.69999	5550
1.17600	228.69999	5555
1.17600	228.69999	5560
1.17600	228.69999	5566
1.17600	228.69999	5571
1.17600	228.69999	5576
1.17600	228.69999	5581
1.17600	228.69999	5586
1.17600	228.69999	5591
1.17600	228.69999	5596
1.17600	228.69999	5601
1.17600	228.69999	5606
1.17600	228.69999	5612
1.55600	303.59997	5617
1.55600	303.59997	5622
1.55600	303.59997	5627
1.55600	303.59997	5632
1.55600	303.59997	5637
1.55600	303.59997	5642
1.55600	303.59997	5647
1.55600	303.59997	5653
1.55600	303.59997	5658
1.55600	303.59997	5663
1.55600	303.59997	5668
1.55600	303.59997	5673
1.55600	303.59997	5678
1.35400	266.00000	5683
1.35400	266.00000	5688
1.35400	266.00000	5694
1.35400	266.00000	5699
1.35400	266.00000	5704
1.35400	266.00000	5709
1.35400	266.00000	5714
1.35400	266.00000	5719
1.35400	266.00000	5724
1.35400	266.00000	5729
1.35400	266.00000	5734
1.35400	266.00000	5740
1.35400	266.00000	5745
1.64800	324.29998	5750
1.64800	324.29998	5755
1.64800	324.29998	5760
1.64800	324.29998	5765
1.64800	324.29998	5770
1.64800	324.29998	5775
1.64800	324.29998	5781
1.64800	324.29998	5786
1.64800	324.29998	5791
1.64800	324.29998	5796
1.64800	324.29998	5801
1.64800	324.29998	5806
1.64800	324.29998	5811
1.60800	315.89999	5816
1.60800	315.89999	5822
1.60800	315.89999	5827
1.60800	315.89999	5832
1.60800	315.89999	5837
1.60800	315.89999	5842
1.60800	315.89999	5847
1.60800	315.89999	5852
1.60800	315.89999	5857
1.60800	315.89999	5862
1.60800	315.89999	5868
1.60800	315.89999	5873
1.60800	315.89999	5878
1.31800	256.79998	5883
1.31800	256.79998	5888
1.31800	256.79998	5893
1.31800	256.79998	5898
1.31800	256.79998	5903
1.31800	256.79998	5909
1.31800	256.79998	5914
1.31800	256.79998	5919
1.31800	256.79998	5924
1.31800	256.79998	5929
1.31800	256.79998	5934
1.31800	256.79998	5939
1.31800	235.19998	5944
1.20600	235.19998	5950
1.20600	235.19998	5955
1.20600	235.19998	5960
1.20600	235.19998	5965
1.20600	235.19998	5970
1.20600	235.19998	5975
1.20600	235.19998	5980
1.20600	235.19998	5985
1.20600	235.19998	5990
1.20600	235.19998	5996
1.20600	235.19998	6001
1.20600	235.19998	6006
1.20600	217.79998	6011
1.11400	217.79998	6016
1.11400	217.79998	6021
1.11400	217.79998	6026
1.11400	217.79998	6031
1.11400	217.79998	6037
1.11400	217.79998	6042
1.11400	217.79998	6047
1.11400	217.79998	6052
1.11400	217.79998	6057
1.11400	217.79998	6062
1.11400	217.79998	6067
1.11400	217.79998	6072
1.11400	316.89999	6078
1.62200	316.89999	6083
1.62200	316.89999	6088
1.62200	316.89999	6093
1.62200	316.89999	6099
1.62200	316.89999	6104
1.62200	316.89999	6109
1.62200	316.89999	6114
1.62200	316.89999	6120
1.62200	316.89999	6125
1.62200	316.89999	6130
1.62200	316.89999	6135
1.62200	316.89999	6140
1.62200	289.39999	6145
1.48400	289.39999	6150
1.48400	289.39999	6155
1.48400	289.39999	6160
1.48400	289.39999	6166
1.48400	289.39999	6171
1.48400	289.39999	6176
1.48400	289.39999	6181
1.48400	289.39999	6186
1.48400	289.39999	6191
1.48400	289.39999	6196
1.48400	289.39999	6201
1.48400	289.39999	6207
1.30800	255.99998	6212
1.30800	255.99998	6217
1.30800	255.99998	6222
1.30800	255.99998	6227
1.30800	255.99998	6232
1.30800	255.99998	6237
1.30800	255.99998	6242
1.30800	255.99998	6248
1.30800	255.99998	6253
1.30800	255.99998	6258
1.30800	255.99998	6263
1.30800	255.99998	6268
1.30800	255.99998	6273
1.58000	309.00000	6278
1.58000	309.00000	6283
1.58000	309.00000	6288
1.58000	309.00000	6294
1.58000	309.00000	6299
1.58000	309.00000	6304
1.58000	309.00000	6308
1.58000	309.00000	6313
1.58000	309.00000	6318
1.58000	309.00000	6323
1.58000	309.00000	6328
1.58000	309.00000	6334
1.58000	309.00000	6339
1.42800	279.30001	6344
1.42800	279.30001	6349
1.42800	279.30001	6354
1.42800	279.30001	6359
1.42800	279.30001	6364
1.42800	279.30001	6369
1.42800	279.30001	6374
1.42800	279.30001	6380
1.42800	279.30001	6385
1.42800	279.30001	6390
1.42800	279.30001	6395
1.42800	279.30001	6400
1.42800	279.30001	6405
1.42600	280.50000	6410
1.42600	280.50000	6415
1.42600	280.50000	6421
1.42600	280.50000	6426
1.42600	280.50000	6431
1.42600	280.50000	6436
1.42600	280.50000	6441
1.42600	280.50000	6446
1.42600	280.50000	6451
1.42600	280.50000	6456
1.42600	280.50000	6462
1.42600	280.50000	6467
1.42600	280.50000	6472
1.40600	274.79998	6477
1.40600	274.79998	6482
1.40600	274.79998	6487
1.40600	274.79998	6492
1.40600	274.79998	6497
1.40600	274.79998	6502
1.40600	274.79998	6508
1.40600	274.79998	6513
1.40600	274.79998	6518
1.40600	274.79998	6523
1.40600	274.79998	6528
1.40600	274.79998	6533
1.40600	274.79998	6538
1.60200	314.89999	6543
1.60200	314.89999	6549
1.60200	314.89999	6554
1.60200	314.89999	6559
1.60200	314.89999	6564
1.60200	314.89999	6569
1.60200	314.89999	6574
1.60200	314.89999	6579
1.60200	314.89999	6584
1.60200	314.89999	6590
1.60200	314.89999	6595
1.60200	314.89999	6600
1.60200	329.20001	6605
1.67200	329.20001	6610
1.67200	329.20001	6615
1.67200	329.20001	6620
1.67200	329.20001	6625
1.67200	329.20001	6630
1.67200	329.20001	6636
1.67200	329.20001	6641
1.67200	329.20001	6646
1.67200	329.20001	6651
1.67200	329.20001	6656
1.67200	329.20001	6661
1.67200	329.20001	6666
1.67200	335.70001	6671
1.70400	335.70001	6677
1.70400	335.70001	6682
1.70400	335.70001	6687
1.70400	335.70001	6692
1.70400	335.70001	6697
1.70400	335.70001	6702
1.70400	335.70001	6707
1.70400	335.70001	6712
1.70400	335.70001	6718
1.70400	335.70001	6723
1.70400	335.70001	6728
1.70400	335.70001	6733
1.70400	353.60000	6738
1.79200	353.60000	6743
1.79200	353.60000	6748
1.79200	353.60000	6753
1.79200	353.60000	6758
1.79200	353.60000	6764
1.79200	353.60000	6769
1.79200	353.60000	6774
1.79200	353.60000	6779
1.79200	353.60000	6784
1.79200	353.60000	6789
1.79200	353.60000	6794
1.79200	353.60000	6799
1.79200	345.00000	6805
1.75000	345.00000	6810
1.75000	345.00000	6815
1.75000	345.00000	6820
1.75000	345.00000	6825
1.75000	345.00000	6830
1.75000	345.00000	6835
1.75000	345.00000	6840
1.75000	345.00000	6846
1.75000	345.00000	6851
1.75000	345.00000	6856
1.75000	345.00000	6860
1.75000	345.00000	6865
1.75000	346.60000	6870
1.76000	346.60000	6875
1.76000	346.60000	6880
1.76000	346.60000	6885
1.76000	346.60000	6891
1.76000	346.60000	6896
1.76000	346.60000	6901
1.76000	346.60000	6906
1.76000	346.60000	6911
1.76000	346.60000	6916
1.76000	346.60000	6921
1.76000	346.60000	6926
1.76000	346.60000	6932
1.76000	335.29998	6937
1.70400	335.29998	6942
1.70400	335.29998	6947
1.70400	335.29998	6952
1.70400	335.29998	6957
1.70400	335.29998	6962
1.70400	335.29998	6967
1.70400	335.29998	6973
1.70400	335.29998	6978
1.70400	335.29998	6983
1.70400	335.29998	6988
1.70400	335.29998	6993
1.70400	335.29998	6999
1.70400	329.00000	7003
1.67800	329.00000	7008
1.67800	329.00000	7013
1.67800	329.00000	7019
1.67800	329.00000	7024
1.67800	329.00000	7029
1.67800	329.00000	7034
1.67800	329.00000	7039
1.67800	329.00000	7044
1.67800	329.00000	7049
1.67800	329.00000	7054
1.67800	329.00000	7060
1.67800	329.00000	7065
1.67800	304.19998	7070
1.55600	304.19998	7075
1.55600	304.19998	7080
1.55600	304.19998	7085
1.55600	304.19998	7090
1.55600	304.19998	7095
1.55600	304.19998	7101
1.55600	304.19998	7106
1.55600	304.19998	7111
1.55600	304.19998	7116
1.55600	304.19998	7121
1.55600	304.19998	7126
1.55600	304.19998	7131
1.57000	307.60000	7136
1.57000	307.60000	7141
1.57000	307.60000	7147
1.57000	307.60000	7152
1.57000	307.60000	7157
1.57000	307.60000	7162
1.57000	307.60000	7167
1.57000	307.60000	7172
1.57000	307.60000	7177
1.57000	307.60000	7182
1.57000	307.60000	7188
1.57000	307.60000	7193
1.57000	307.60000	7198
1.43800	281.60000	7203
1.43800	281.60000	7208
1.43800	281.60000	7213
1.43800	281.60000	7218
1.43800	281.60000	7223
1.43800	281.60000	7229
1.43800	281.60000	7234
1.43800	281.60000	7239
1.43800	281.60000	7244
1.43800	281.60000	7249
1.43800	281.60000	7254
1.43800	281.60000	7259
1.43800	281.60000	7264
1.51800	297.89999	7269
1.51800	297.89999	7275
1.51800	297.89999	7280
1.51800	297.89999	7285
1.51800	297.89999	7290
1.51800	297.89999	7295
1.51800	297.89999	7300
1.51800	297.89999	7305
1.51800	297.89999	7310
1.51800	297.89999	7316
1.51800	297.89999	7321
1.51800	297.89999	7326
1.51800	297.89999	7331
1.47200	288.79998	7336
1.47200	288.79998	7341
1.47200	288.79998	7346
1.47200	288.79998	7351
1.47200	288.79998	7357
1.47200	288.79998	7362
1.47200	288.79998	7367
1.47200	288.79998	7372
1.47200	288.79998	7377
1.47200	288.79998	7382
1.47200	288.79998	7387
1.47200	288.79998	7392
1.47200	352.39999	7397
1.79000	352.39999	7403
1.79000	352.39999	7408
1.79000	352.39999	7413
1.79000	352.39999	7418
1.79000	352.39999	7423
1.79000	352.39999	7428
1.79000	352.39999	7433
1.79000	352.39999	7438
1.79000	352.39999	7444
1.79000	352.39999	7449
1.79000	352.39999	7454
1.79000	352.39999	7459
1.79000	331.29998	7464
1.68400	331.29998	7469
1.68400	331.29998	7474
1.68400	331.29998	7479
1.68400	331.29998	7485
1.68400	331.29998	7490
1.68400	331.29998	7495
1.68400	331.29998	7500
1.68400	331.29998	7505
1.68400	331.29998	7510
1.68400	331.29998	7515
1.68400	331.29998	7520
1.68400	331.29998	7525
1.68400	368.70001	7531
1.87200	368.70001	7537
1.87200	368.70001	7542
1.87200	368.70001	7547
1.87200	368.70001	7552
1.87200	368.70001	7557
1.87200	368.70001	7562
1.87200	368.70001	7567
1.87200	368.70001	7573
1.87200	368.70001	7578
1.87200	368.70001	7583
1.87200	368.70001	7588
1.87200	368.70001	7593
1.87200	342.50000	7598
1.75000	342.50000	7603
1.75000	342.50000	7607
1.75000	342.50000	7613
1.75000	342.50000	7618
1.75000	342.50000	7623
1.75000	342.50000	7628
1.75000	342.50000	7633
1.75000	342.50000	7638
1.75000	342.50000	7643
1.75000	342.50000	7648
1.75000	342.50000	7653
1.75000	342.50000	7659
1.75000	265.30001	7664
1.35600	265.30001	7669
1.35600	265.30001	7674
1.35600	265.30001	7679
1.35600	265.30001	7684
1.35600	265.30001	7689
1.35600	265.30001	7694
1.35600	265.30001	7700
1.35600	265.30001	7705
1.35600	265.30001	7710
1.35600	265.30001	7715
1.35600	265.30001	7720
1.35600	265.30001	7725
1.35600	239.69999	7730
1.22800	239.69999	7735
1.22800	239.69999	7741
1.22800	239.69999	7746
1.22800	239.69999	7751
1.22800	239.69999	7756
1.22800	239.69999	7761
1.22800	239.69999	7766
1.22800	239.69999	7771
1.22800	239.69999	7776
1.22800	239.69999	7781
1.22800	239.69999	7787
1.22800	239.69999	7792
1.39000	271.89999	7797
1.39000	271.89999	7802
1.39000	271.89999	7807
1.39000	271.89999	7812
1.39000	271.89999	7817
1.39000	271.89999	7822
1.39000	271.89999	7828
1.39000	271.89999	7833
1.39000	271.89999	7838
1.39000	271.89999	7843
1.39000	271.89999	7848
1.39000	271.89999	7853
1.39000	271.89999	7858
1.48800	290.80001	7863
1.48800	290.80001	7869
1.48800	290.80001	7874
1.48800	290.80001	7879
1.48800	290.80001	7884
1.48800	290.80001	7889
1.48800	290.80001	7894
1.48800	290.80001	7899
1.48800	290.80001	7904
1.48800	290.80001	7909
1.48800	290.80001	7915
1.48800	290.80001	7920
1.48800	290.80001	7925
1.41200	275.79998	7930
1.41200	275.79998	7935
1.41200	275.79998	7940
1.41200	275.79998	7945
1.41200	275.79998	7950
1.41200	275.79998	7956
1.41200	275.79998	7961
1.41200	275.79998	7966
1.41200	275.79998	7971
1.41200	275.79998	7976
1.41200	275.79998	7982
1.41200	275.79998	7987
1.41200	275.39999	7992
1.41000	275.39999	7998
1.41000	275.39999	8003
1.41000	275.39999	8008
1.41000	275.39999	8013
1.41000	275.39999	8018
1.41000	275.39999	8023
1.41000	275.39999	8028
1.41000	275.39999	8033
1.41000	275.39999	8038
1.41000	275.39999	8044
1.41000	275.39999	8049
1.41000	275.39999	8054
1.41000	239.50000	8059
1.22200	239.50000	8064
1.22200	239.50000	8069
1.22200	239.50000	8074
1.22200	239.50000	8079
1.22200	239.50000	8084
1.22200	239.50000	8089
1.22200	239.50000	8094
1.22200	239.50000	8099
1.22200	239.50000	8104
1.22200	239.50000	8109
1.22200	239.50000	8114
1.22200	239.50000	8119
1.22200	309.89999	8125
1.58000	309.89999	8130
1.58000	309.89999	8135
1.58000	309.89999	8140
1.58000	309.89999	8145
1.58000	309.89999	8150
1.58000	309.89999	8155
1.58000	309.89999	8160
1.58000	309.89999	8165
1.58000	309.89999	8171
1.58000	309.89999	8176
1.58000	309.89999	8181
1.58000	309.89999	8186
1.58000	319.19998	8191
1.62600	319.19998	8196
1.62600	319.19998	8201
1.62600	319.19998	8206
1.62600	319.19998	8212
1.62600	319.19998	8217
1.62600	319.19998	8222
1.62600	319.19998	8227
1.62600	319.19998	8233
1.62600	319.19998	8238
1.62600	319.19998	8243
1.62600	319.19998	8248
1.62600	319.19998	8254
1.62600	322.69998	8259
1.64800	322.69998	8264
1.64800	322.69998	8269
1.64800	322.69998	8274
1.64800	322.69998	8279
1.64800	322.69998	8284
1.64800	322.69998	8289
1.64800	322.69998	8294
1.64800	322.69998	8300
1.64800	322.69998	8305
1.64800	322.69998	8310
1.64800	322.69998	8315
1.64800	322.69998	8320
1.30000	253.69998	8325
1.30000	253.69998	8330
1.30000	253.69998	8335
1.30000	253.69998	8341
1.30000	253.69998	8346
1.30000	253.69998	8351
1.30000	253.69998	8356
1.30000	253.69998	8361
1.30000	253.69998	8366
1.30000	253.69998	8371
1.30000	253.69998	8376
1.30000	253.69998	8382
1.30000	253.69998	8387
1.29400	252.39997	8392
1.29400	252.39997	8397
1.29400	252.39997	8402
1.29400	252.39997	8407
1.29400	252.39997	8412
1.29400	252.39997	8417
1.29400	252.39997	8422
1.29400	252.39997	8428
1.29400	252.39997	8433
1.29400	252.39997	8438
1.29400	252.39997	8443
1.29400	252.39997	8448
1.29400	252.39997	8453
1.28400	251.10000	8458
1.28400	251.10000	8463
1.28400	251.10000	8469
1.28400	251.10000	8474
1.28400	251.10000	8479
1.28400	251.10000	8484
1.28400	251.10000	8489
1.28400	251.10000	8494
1.28400	251.10000	8499
1.28400	251.10000	8504
1.28400	251.10000	8510
1.28400	251.10000	8515
1.28400	251.10000	8520
1.31000	255.89999	8525
1.31000	255.89999	8530
1.31000	255.89999	8535
1.31000	255.89999	8540
1.31000	255.89999	8545
1.31000	255.89999	8550
1.31000	255.89999	8556
1.31000	255.89999	8561
1.31000	255.89999	8566
1.31000	255.89999	8571
1.31000	255.89999	8576
1.31000	255.89999	8581
1.31000	255.89999	8586
1.32000	258.49996	8591
1.32000	258.49996	8597
1.32000	258.49996	8602
1.32000	258.49996	8607
1.32000	258.49996	8612
1.32000	258.49996	8617
1.32000	258.49996	8622
1.32000	258.49996	8627
1.32000	258.49996	8632
1.32000	258.49996	8638
1.32000	258.49996	8643
1.32000	258.49996	8648
1.32000	290.09997	8653
1.48400	290.09997	8658
1.48400	290.09997	8663
1.48400	290.09997	8668
1.48400	290.09997	8673
1.48400	290.09997	8678
1.48400	290.09997	8684
1.48400	290.09997	8689
1.48400	290.09997	8694
1.48400	290.09997	8699
1.48400	290.09997	8704
1.48400	290.09997	8709
1.48400	290.09997	8714
1.48400	293.39999	8719
1.49400	293.39999	8725
1.49400	293.39999	8730
1.49400	293.39999	8735
1.49400	293.39999	8740
1.49400	293.39999	8745
1.49400	293.39999	8750
1.49400	293.39999	8755
1.49400	293.39999	8760
1.49400	293.39999	8766
1.49400	293.39999	8771
1.49400	293.39999	8776
1.49400	293.39999	8781
1.49400	330.30001	8786
1.67200	330.30001	8791
1.67200	330.30001	8796
1.67200	330.30001	8801
1.67200	330.30001	8806
1.67200	330.30001	8812
1.67200	330.30001	8817
1.67200	330.30001	8822
1.67200	330.30001	8827
1.67200	330.30001	8832
1.67200	330.30001	8837
1.67200	330.30001	8842
1.67200	330.30001	8847
1.67200	373.20001	8853
1.89800	373.20001	8858
1.89800	373.20001	8863
1.89800	373.20001	8868
1.89800	373.20001	8873
1.89800	373.20001	8878
1.89800	373.20001	8883
1.89800	373.20001	8888
1.89800	373.20001	8894
1.89800	373.20001	8899
1.89800	373.20001	8904
1.89800	373.20001	8909
1.89800	373.20001	8914
1.89800	309.79998	8919
1.58000	309.79998	8924
1.58000	309.79998	8929
1.58000	309.79998	8934
1.58000	309.79998	8940
1.58000	309.79998	8945
1.58000	309.79998	8950
1.58000	309.79998	8955
1.58000	309.79998	8960
1.58000	309.79998	8965
1.58000	309.79998	8970
1.58000	309.79998	8975
1.58000	309.79998	8981
1.60800	317.59997	8986
1.60800	317.59997	8991
1.60800	317.59997	8996
1.60800	317.59997	9001
1.60800	317.59997	9006
1.60800	317.59997	9011
1.60800	317.59997	9016
1.60800	317.59997	9022
1.60800	317.59997	9027
1.60800	317.59997	9032
1.60800	317.59997	9037
1.60800	317.59997	9042
1.60800	317.59997	9047
1.49800	293.60000	9052
1.49800	293.60000	9057
1.49800	293.60000	9062
1.49800	293.60000	9068
1.49800	293.60000	9073
1.49800	293.60000	9078
1.49800	293.60000	9083
1.49800	293.60000	9088
1.49800	293.60000	9093
1.49800	293.60000	9098
1.49800	293.60000	9103
1.49800	293.60000	9109
1.49800	293.60000	9114
1.48200	289.00000	9119
1.48200	289.00000	9124
1.48200	289.00000	9129
1.48200	289.00000	9134
1.48200	289.00000	9139
1.48200	289.00000	9144
1.48200	289.00000	9150
1.48200	289.00000	9155
1.48200	289.00000	9160
1.48200	289.00000	9165
1.48200	289.00000	9170
1.48200	289.00000	9175
1.48200	289.00000	9180
1.55000	302.79998	9185
1.55000	302.79998	9190
1.55000	302.79998	9196
1.55000	302.79998	9201
1.55000	302.79998	9206
1.55000	302.79998	9211
1.55000	302.79998	9216
1.55000	302.79998	9221
1.55000	302.79998	9226
1.55000	302.79998	9231
1.55000	302.79998	9237
1.55000	302.79998	9242
1.55000	302.79998	9247
1.51000	296.79998	9252
1.51000	296.79998	9257
1.51000	296.79998	9262
1.51000	296.79998	9267
1.51000	296.79998	9272
1.51000	296.79998	9278
1.51000	296.79998	9283
1.51000	296.79998	9288
1.51000	296.79998	9293
1.51000	296.79998	9298
1.51000	296.79998	9303
1.51000	296.79998	9308
1.51000	353.39999	9313
1.79800	353.39999	9318
1.79800	353.39999	9324
1.79800	353.39999	9329
1.79800	353.39999	9334
1.79800	353.39999	9339
1.79800	353.39999	9344
1.79800	353.39999	9349
1.79800	353.39999	9354
1.79800	353.39999	9359
1.79800	353.39999	9365
1.79800	353.39999	9370
1.79800	353.39999	9375
1.79800	366.20001	9380
1.86200	366.20001	9385
1.86200	366.20001	9390
1.86200	366.20001	9395
1.86200	366.20001	9400
1.86200	366.20001	9406
1.86200	366.20001	9411
1.86200	366.20001	9416
1.86200	366.20001	9421
1.86200	366.20001	9426
1.86200	366.20001	9431
1.86200	366.20001	9436
1.86200	366.20001	9441
1.86200	372.39999	9446
1.88800	372.39999	9452
1.88800	372.39999	9457
1.88800	372.39999	9462
1.88800	372.39999	9467
1.88800	372.39999	9472
1.88800	372.39999	9477
1.88800	372.39999	9482
1.88800	372.39999	9487
1.88800	372.39999	9493
1.88800	372.39999	9498
1.88800	372.39999	9503
1.88800	372.39999	9508
1.88800	384.59997	9513
1.94000	384.59997	9518
1.94000	384.59997	9523
1.94000	384.59997	9528
1.94000	384.59997	9534
1.94000	384.59997	9539
1.94000	384.59997	9545
1.94000	384.59997	9550
1.94000	384.59997	9555
1.94000	384.59997	9560
1.94000	384.59997	9565
1.94000	384.59997	9570
1.94000	384.59997	9576
1.91600	376.69998	9581
1.91600	376.69998	9586
1.91600	376.69998	9591
1.91600	376.69998	9596
1.91600	376.69998	9601
1.91600	376.69998	9606
1.91600	376.69998	9611
1.91600	376.69998	9616
1.91600	376.69998	9622
1.91600	376.69998	9627
1.91600	376.69998	9632
1.91600	376.69998	9637
1.91600	376.69998	9642
1.54000	302.00000	9647
1.54000	302.00000	9652
1.54000	302.00000	9657
1.54000	302.00000	9663
1.54000	302.00000	9668
1.54000	302.00000	9672
1.54000	302.00000	9677
1.54000	302.00000	9682
1.54000	302.00000	9687
1.54000	302.00000	9692
1.54000	302.00000	9697
1.54000	302.00000	9702
1.54000	302.00000	9708
1.63600	319.29998	9713
1.63600	319.29998	9718
1.63600	319.29998	9723
1.63600	319.29998	9728
1.63600	319.29998	9733
1.63600	319.29998	9738
1.63600	319.29998	9743
1.63600	319.29998	9749
1.63600	319.29998	9754
1.63600	319.29998	9759
1.63600	319.29998	9764
1.63600	319.29998	9769
1.63600	319.29998	9774
1.42200	277.89999	9779
1.42200	277.89999	9784
1.42200	277.89999	9790
1.42200	277.89999	9795
1.42200	277.89999	9800
1.42200	277.89999	9805
1.42200	277.89999	9810
1.42200	277.89999	9815
1.42200	277.89999	9820
1.42200	277.89999	9825
1.42200	277.89999	9830
1.42200	277.89999	9836
1.42200	277.89999	9841
1.62200	317.00000	9846
1.62200	317.00000	9851
1.62200	317.00000	9856
1.62200	317.00000	9861
1.62200	317.00000	9866
1.62200	317.00000	9871
1.62200	317.00000	9877
1.62200	317.00000	9882
1.62200	317.00000	9887
1.62200	317.00000	9892
1.62200	317.00000	9897
1.62200	317.00000	9902
1.62200	317.00000	9907
1.70800	336.60000	9912
1.70800	336.60000	9918
1.70800	336.60000	9923
1.70800	336.60000	9928
1.70800	336.60000	9933
1.70800	336.60000	9938
1.70800	336.60000	9943
1.70800	336.60000	9948
1.70800	336.60000	9953
1.70800	336.60000	9958
1.70800	336.60000	9964
1.70800	336.60000	9969
1.70800	369.79998	9974
1.86800	369.79998	9979
1.86800	369.79998	9984
1.86800	369.79998	9989
1.86800	369.79998	9994
1.86800	369.79998	9999
1.86800	369.79998	10005
1.86800	369.79998	10010
1.86800	369.79998	10015
1.86800	369.79998	10020
1.86800	369.79998	10025
1.86800	369.79998	10030
1.86800	369.79998	10035
1.86800	380.99996	10040
1.92400	380.99996	10046
1.92400	380.99996	10051
1.92400	380.99996	10056
1.92400	380.99996	10062
1.92400	380.99996	10067
1.92400	380.99996	10072
1.92400	380.99996	10077
1.92400	380.99996	10082
1.92400	380.99996	10088
1.92400	380.99996	10093
1.92400	380.99996	10098
1.92400	380.99996	10103
1.92400	341.99996	10108
1.73400	341.99996	10113
1.73400	341.99996	10118
1.73400	341.99996	10123
1.73400	341.99996	10128
1.73400	341.99996	10134
1.73400	341.99996	10139
1.73400	341.99996	10145
1.73400	341.99996	10150
1.73400	341.99996	10155
1.73400	341.99996	10160
1.73400	341.99996	10165
1.73400	341.99996	10170
1.68400	332.19998	10176
1.68400	332.19998	10181
1.68400	332.19998	10186
1.68400	332.19998	10191
1.68400	332.19998	10196
1.68400	332.19998	10201
1.68400	332.19998	10206
1.68400	332.19998	10211
1.68400	332.19998	10217
1.68400	332.19998	10222
1.68400	332.19998	10228
1.68400	332.19998	10233
1.68400	332.19998	10238
1.57600	310.00000	10243
1.57600	310.00000	10248
1.57600	310.00000	10253
1.57600	310.00000	10259
1.57600	310.00000	10264
1.57600	310.00000	10269
1.57600	310.00000	10274
1.57600	310.00000	10279
1.57600	310.00000	10284
1.57600	310.00000	10289
1.57600	310.00000	10294
1.57600	310.00000	10299
1.57600	352.69998	10305
1.79600	352.69998	10310
1.79600	352.69998	10315
1.79600	352.69998	10320
1.79600	352.69998	10325
1.79600	352.69998	10330
1.79600	352.69998	10335
1.79600	352.69998	10340
1.79600	352.69998	10346
1.79600	352.69998	10351
1.79600	352.69998	10356
1.79600	352.69998	10361
1.79600	352.69998	10367
1.79600	283.29998	10372
1.45200	283.29998	10377
1.45200	283.29998	10382
1.45200	283.29998	10388
1.45200	283.29998	10393
1.45200	283.29998	10398
1.45200	283.29998	10403
1.45200	283.29998	10408
1.45200	283.29998	10413
1.45200	283.29998	10418
1.45200	283.29998	10423
1.45200	283.29998	10429
1.45200	283.29998	10434
1.48200	289.79998	10439
1.48200	289.79998	10444
1.48200	289.79998	10450
1.48200	289.79998	10455
1.48200	289.79998	10460
1.48200	289.79998	10465
1.48200	289.79998	10470
1.48200	289.79998	10476
1.48200	289.79998	10481
1.48200	289.79998	10486
1.48200	289.79998	10491
1.48200	289.79998	10496
1.48200	289.79998	10501
1.56000	305.70001	10506
1.56000	305.70001	10511
1.56000	305.70001	10517
1.56000	305.70001	10522
1.56000	305.70001	10527
1.56000	305.70001	10532
1.56000	305.70001	10537
1.56000	305.70001	10542
1.56000	305.70001	10548
1.56000	305.70001	10553
1.56000	305.70001	10559
1.56000	305.70001	10564
1.56000	317.79998	10569
1.61600	317.79998	10574
1.61600	317.79998	10579
1.61600	317.79998	10584
1.61600	317.79998	10589
1.61600	317.79998	10594
1.61600	317.79998	10600
1.61600	317.79998	10605
1.61600	317.79998	10610
1.61600	317.79998	10615
1.61600	317.79998	10620
1.61600	317.79998	10625
1.61600	317.79998	10631
1.61600	296.20001	10636
1.50000	296.20001	10641
1.50000	296.20001	10647
1.50000	296.20001	10652
1.50000	296.20001	10657
1.50000	296.20001	10662
1.50000	296.20001	10667
1.50000	296.20001	10672
1.50000	296.20001	10677
1.50000	296.20001	10682
1.50000	296.20001	10688
1.50000	296.20001	10693
1.50000	296.20001	10698
1.77200	345.69998	10703
1.77200	345.69998	10708
1.77200	345.69998	10713
1.77200	345.69998	10718
1.77200	345.69998	10723
1.77200	345.69998	10730
1.77200	345.69998	10735
1.77200	345.69998	10740
1.77200	345.69998	10745
1.77200	345.69998	10750
1.77200	345.69998	10755
1.77200	345.69998	10760
1.77200	345.69998	10765
1.60000	313.89999	10771
1.60000	313.89999	10776
1.60000	313.89999	10781
1.60000	313.89999	10786
1.60000	313.89999	10791
1.60000	313.89999	10796
1.60000	313.89999	10801
1.60000	313.89999	10806
1.60000	313.89999	10811
1.60000	313.89999	10818
1.60000	313.89999	10823
1.60000	313.89999	10828
1.60000	286.79998	10833
1.46800	286.79998	10838
1.46800	286.79998	10843
1.46800	286.79998	10848
1.46800	286.79998	10853
1.46800	286.79998	10859
1.46800	286.79998	10864
1.46800	286.79998	10869
1.46800	286.79998	10874
1.46800	286.79998	10879
1.46800	286.79998	10884
1.46800	286.79998	10889
1.46800	286.79998	10894
1.46800	267.19998	10900
1.37000	267.19998	10906
1.37000	267.19998	10911
1.37000	267.19998	10916
1.37000	267.19998	10921
1.37000	267.19998	10926
1.37000	267.19998	10931
1.37000	267.19998	10936
1.37000	267.19998	10942
1.37000	267.19998	10947
1.37000	267.19998	10952
1.37000	267.19998	10957
1.37000	267.19998	10962
1.42800	279.19998	10967
1.42800	279.19998	10972
1.42800	279.19998	10977
1.42800	279.19998	10982
1.42800	279.19998	10988
1.42800	279.19998	10994
1.42800	279.19998	10999
1.42800	279.19998	11004
1.42800	279.19998	11009
1.42800	279.19998	11014
1.42800	279.19998	11019
1.42800	279.19998	11024
1.42800	279.19998	11030
1.58200	311.00000	11035
1.58200	311.00000	11040
1.58200	311.00000	11045
1.58200	311.00000	11050
1.58200	311.00000	11055
1.58200	311.00000	11060
1.58200	311.00000	11065
1.58200	311.00000	11071
1.58200	311.00000	11076
1.58200	311.00000	11081
1.58200	311.00000	11086
1.58200	311.00000	11091
1.58200	311.00000	11096
1.60200	314.79998	11101
1.60200	314.79998	11106
1.60200	314.79998	11112
1.60200	314.79998	11117
1.60200	314.79998	11122
1.60200	314.79998	11127
1.60200	314.79998	11133
1.60200	314.79998	11138
1.60200	314.79998	11143
1.60200	314.79998	11148
1.60200	314.79998	11153
1.60200	314.79998	11159
1.60200	305.50000	11164
1.55400	305.50000	11169
1.55400	305.50000	11174
1.55400	305.50000	11179
1.55400	305.50000	11184
1.55400	305.50000	11189
1.55400	305.50000	11194
1.55400	305.50000	11200
1.55400	305.50000	11205
1.55400	305.50000	11210
1.55400	305.50000	11215
1.55400	305.50000	11220
1.55400	305.50000	11225
1.55400	284.19998	11230
1.44800	284.19998	11235
1.44800	284.19998	11241
1.44800	284.19998	11246
1.44800	284.19998	11251
1.44800	284.19998	11256
1.44800	284.19998	11261
1.44800	284.19998	11267
1.44800	284.19998	11272
1.44800	284.19998	11277
1.44800	284.19998	11283
1.44800	284.19998	11288
1.44800	284.19998	11293
1.54000	300.39999	11298
1.54000	300.39999	11303
1.54000	300.39999	11308
1.54000	300.39999	11313
1.54000	300.39999	11318
1.54000	300.39999	11323
1.54000	300.39999	11329
1.54000	300.39999	11334
1.54000	300.39999	11339
1.54000	300.39999	11344
1.54000	300.39999	11349
1.54000	300.39999	11355
1.54000	300.39999	11360
1.44200	282.29998	11365
1.44200	282.29998	11371
1.44200	282.29998	11376
1.44200	282.29998	11381
1.44200	282.29998	11386
1.44200	282.29998	11391
1.44200	282.29998	11396
1.44200	282.29998	11401
1.44200	282.29998	11406
1.44200	282.29998	11412
1.44200	282.29998	11417
1.44200	282.29998	11422
1.44200	299.29998	11427
1.53000	299.29998	11432
1.53000	299.29998	11438
1.53000	299.29998	11443
1.53000	299.29998	11448
1.53000	299.29998	11454
1.53000	299.29998	11459
1.53000	299.29998	11464
1.53000	299.29998	11469
1.53000	299.29998	11474
1.53000	299.29998	11479
1.53000	299.29998	11484
1.53000	299.29998	11489
1.53000	273.70001	11494
1.40200	273.70001	11500
1.40200	273.70001	11505
1.40200	273.70001	11510
1.40200	273.70001	11515
1.40200	273.70001	11520
1.40200	273.70001	11526
1.40200	273.70001	11531
1.40200	273.70001	11536
1.40200	273.70001	11542
1.40200	273.70001	11547
1.40200	273.70001	11552
1.40200	273.70001	11557
1.50400	295.00000	11562
1.50400	295.00000	11567
1.50400	295.00000	11572
1.50400	295.00000	11577
1.50400	295.00000	11583
1.50400	295.00000	11588
1.50400	295.00000	11593
1.50400	295.00000	11598
1.50400	295.00000	11603
1.50400	295.00000	11608
1.50400	295.00000	11613
1.50400	295.00000	11618
1.50400	295.00000	11624
1.64800	323.10000	11629
1.64800	323.10000	11634
1.64800	323.10000	11639
1.64800	323.10000	11644
1.64800	323.10000	11649
1.64800	323.10000	11654
1.64800	323.10000	11659
1.64800	323.10000	11664
1.64800	323.10000	11670
1.64800	323.10000	11675
1.64800	323.10000	11680
1.64800	323.10000	11685
1.64800	323.10000	11690
1.59600	313.69998	11695
1.59600	313.69998	11700
1.59600	313.69998	11705
1.59600	313.69998	11712
1.59600	313.69998	11717
1.59600	313.69998	11722
1.59600	313.69998	11727
1.59600	313.69998	11732
1.59600	313.69998	11737
1.59600	313.69998	11742
1.59600	313.69998	11747
1.59600	313.69998	11753
1.59600	332.79998	11758
1.69800	332.79998	11763
1.69800	332.79998	11768
1.69800	332.79998	11773
1.69800	332.79998	11778
1.69800	332.79998	11783
1.69800	332.79998	11788
1.69800	332.79998	11795
1.69800	332.79998	11800
1.69800	332.79998	11805
1.69800	332.79998	11810
1.69800	332.79998	11815
1.69800	332.79998	11820
1.69800	322.09997	11825
1.64200	322.09997	11830
1.64200	322.09997	11835
1.64200	322.09997	11841
1.64200	322.09997	11846
1.64200	322.09997	11851
1.64200	322.09997	11856
1.64200	322.09997	11861
1.64200	322.09997	11866
1.64200	322.09997	11871
1.64200	322.09997	11877
1.64200	322.09997	11883
1.64200	322.09997	11888
1.63600	322.50000	11893
1.63600	322.50000	11898
1.63600	322.50000	11903
1.63600	322.50000	11908
1.63600	322.50000	11913
1.63600	322.50000	11918
1.63600	322.50000	11924
1.63600	322.50000	11929
1.63600	322.50000	11934
1.63600	322.50000	11939
1.63600	322.50000	11944
1.63600	322.50000	11949
1.63600	322.50000	11954
1.68400	330.49996	11959
1.68400	330.49996	11965
1.68400	330.49996	11970
1.68400	330.49996	11975
1.68400	330.49996	11980
1.68400	330.49996	11985
1.68400	330.49996	11990
1.68400	330.49996	11995
1.68400	330.49996	12000
1.68400	330.49996	12005
1.68400	330.49996	12011
1.68400	330.49996	12017
1.68400	313.99996	12022
1.60600	313.99996	12027
1.60600	313.99996	12032
1.60600	313.99996	12037
1.60600	313.99996	12042
1.60600	313.99996	12047
1.60600	313.99996	12053
1.60600	313.99996	12058
1.60600	313.99996	12063
1.60600	313.99996	12068
1.60600	313.99996	12073
1.60600	313.99996	12078
1.60600	313.99996	12083
1.60600	291.10000	12088
1.48800	291.10000	12094
1.48800	291.10000	12099
1.48800	291.10000	12105
1.48800	291.10000	12110
1.48800	291.10000	12115
1.48800	291.10000	12120
1.48800	291.10000	12125
1.48800	291.10000	12130
1.48800	291.10000	12136
1.48800	291.10000	12141
1.48800	291.10000	12146
1.48800	291.10000	12151
1.48800	266.79998	12156
1.37000	266.79998	12161
1.37000	266.79998	12166
1.37000	266.79998	12171
1.37000	266.79998	12176
1.37000	266.79998	12182
1.37000	266.79998	12187
1.37000	266.79998	12192
1.37000	266.79998	12197
1.37000	266.79998	12203
1.37000	266.79998	12208
1.37000	266.79998	12213
1.37000	266.79998	12218
1.48800	291.19998	12224
1.48800	291.19998	12229
1.48800	291.19998	12234
1.48800	291.19998	12239
1.48800	291.19998	12244
1.48800	291.19998	12249
1.48800	291.19998	12254
1.48800	291.19998	12259
1.48800	291.19998	12265
1.48800	291.19998	12270
1.48800	291.19998	12275
1.48800	291.19998	12280
1.48800	278.89999	12286
1.42800	278.89999	12291
1.42800	278.89999	12296
1.42800	278.89999	12301
1.42800	278.89999	12307
1.42800	278.89999	12312
1.42800	278.89999	12317
1.42800	278.89999	12322
1.42800	278.89999	12327
1.42800	278.89999	12332
1.42800	278.89999	12337
1.42800	278.89999	12342
1.42800	278.89999	12347
1.42800	266.79998	12353
1.36400	266.79998	12358
1.36400	266.79998	12363
1.36400	266.79998	12369
1.36400	266.79998	12374
1.36400	266.79998	12379
1.36400	266.79998	12384
1.36400	266.79998	12389
1.36400	266.79998	12395
1.36400	266.79998	12400
1.36400	266.79998	12405
1.36400	266.79998	12410
1.36400	266.79998	12415
1.36400	265.49996	12420
1.36000	265.49996	12425
1.36000	265.49996	12430
1.36000	265.49996	12436
1.36000	265.49996	12441
1.36000	265.49996	12446
1.36000	265.49996	12452
1.36000	265.49996	12457
1.36000	265.49996	12462
1.36000	265.49996	12467
1.36000	265.49996	12472
1.36000	265.49996	12478
1.36000	265.49996	12483
1.35000	264.00000	12488
1.35000	264.00000	12493
1.35000	264.00000	12498
1.35000	264.00000	12503
1.35000	264.00000	12508
1.35000	264.00000	12513
1.35000	264.00000	12518
1.35000	264.00000	12524
1.35000	264.00000	12529
1.35000	264.00000	12534
1.35000	264.00000	12539
1.35000	264.00000	12544
1.35000	264.00000	12549
1.35000	263.60000	12554
1.35000	263.60000	12559
1.35000	263.60000	12565
1.35000	263.60000	12570
1.35000	263.60000	12575
1.35000	263.60000	12580
1.35000	263.60000	12585
1.35000	263.60000	12590
1.35000	263.60000	12595
1.35000	263.60000	12600
1.35000	263.60000	12606
1.35000	263.60000	12611
1.35000	263.39999	12617
1.35000	263.39999	12622
1.35000	263.39999	12627
1.35000	263.39999	12632
1.35000	263.39999	12637
1.35000	263.39999	12642
1.35000	263.39999	12648
1.35000	263.39999	12653
1.35000	263.39999	12658
1.35000	263.39999	12663
1.35000	263.39999	12668
1.35000	263.39999	12673
1.35000	263.39999	12678
1.35000	263.60000	12683
1.35000	263.60000	12688
1.35000	263.60000	12694
1.35000	263.60000	12699
1.35000	263.60000	12704
1.35000	263.60000	12710
1.35000	263.60000	12715
1.35000	263.60000	12720
1.35000	263.60000	12725
1.35000	263.60000	12730
1.35000	263.60000	12736
1.35000	263.60000	12741
1.35000	263.60000	12746
1.35000	268.59997	12751
1.37000	268.59997	12756
1.37000	268.59997	12761
1.37000	268.59997	12766
1.37000	268.59997	12771
1.37000	268.59997	12777
1.37000	268.59997	12782
1.37000	268.59997	12787
1.37000	268.59997	12792
1.37000	268.59997	12797
1.37000	268.59997	12802
1.37000	268.59997	12808
1.37000	268.59997	12813
1.44800	283.39999	12819
1.44800	283.39999	12824
1.44800	283.39999	12829
1.44800	283.39999	12834
1.44800	283.39999	12839
1.44800	283.39999	12844
1.44800	283.39999	12849
1.44800	283.39999	12854
1.44800	283.39999	12859
1.44800	283.39999	12865
1.44800	283.39999	12870
1.44800	283.39999	12875
1.44800	286.39999	12880
1.46200	286.39999	12885
1.46200	286.39999	12891
1.46200	286.39999	12896
1.46200	286.39999	12901
1.46200	286.39999	12907
1.46200	286.39999	12912
1.46200	286.39999	12917
1.46200	286.39999	12922
1.46200	286.39999	12927
1.46200	286.39999	12932
1.46200	286.39999	12937
1.46200	286.39999	12942
1.46200	282.10000	12948
1.43800	282.10000	12953
1.43800	282.10000	12958
1.43800	282.10000	12963
1.43800	282.10000	12968
1.43800	282.10000	12973
1.43800	282.10000	12978
1.43800	282.10000	12983
1.43800	282.10000	12989
1.43800	282.10000	12995
1.43800	282.10000	13000
1.43800	282.10000	13005
1.43800	282.10000	13010
1.43800	280.00000	13015
1.43200	280.00000	13020
1.43200	280.00000	13025
1.43200	280.00000	13030
1.43200	280.00000	13036
1.43200	280.00000	13041
1.43200	280.00000	13046
1.43200	280.00000	13051
1.43200	280.00000	13056
1.43200	280.00000	13061
1.43200	280.00000	13066
1.43200	280.00000	13071
1.43200	280.00000	13077
1.39200	272.49996	13082
1.39200	272.49996	13087
1.39200	272.49996	13092
1.39200	272.49996	13097
1.39200	272.49996	13102
1.39200	272.49996	13107
1.39200	272.49996	13112
1.39200	272.49996	13118
1.39200	272.49996	13123
1.39200	272.49996	13128
1.39200	272.49996	13133
1.39200	272.49996	13139
1.39200	272.49996	13144
1.45200	284.59997	13149
1.45200	284.59997	13154
1.45200	284.59997	13160
1.45200	284.59997	13165
1.45200	284.59997	13170
1.45200	284.59997	13175
1.45200	284.59997	13180
1.45200	284.59997	13185
1.45200	284.59997	13190
1.45200	284.59997	13195
1.45200	284.59997	13200
1.45200	284.59997	13206
1.45200	283.39999	13211
1.44800	283.39999	13216
1.44800	283.39999	13222
1.44800	283.39999	13227
1.44800	283.39999	13232
1.44800	283.39999	13237
1.44800	283.39999	13242
1.44800	283.39999	13248
1.44800	283.39999	13253
1.44800	283.39999	13258
1.44800	283.39999	13263
1.44800	283.39999	13268
1.44800	283.39999	13273
1.44800	272.10000	13278
1.39000	272.10000	13283
1.39000	272.10000	13289
1.39000	272.10000	13294
1.39000	272.10000	13299
1.39000	272.10000	13304
1.39000	272.10000	13309
1.39000	272.10000	13314
1.39000	272.10000	13320
1.39000	272.10000	13325
1.39000	272.10000	13331
1.39000	272.10000	13336
1.39000	272.10000	13341
1.42800	279.69998	13346
1.42800	279.69998	13351
1.42800	279.69998	13356
1.42800	279.69998	13361
1.42800	279.69998	13366
1.42800	279.69998	13371
1.42800	279.69998	13377
1.42800	279.69998	13382
1.42800	279.69998	13387
1.42800	279.69998	13392
1.42800	279.69998	13397
1.42800	279.69998	13402
1.42800	279.69998	13407
1.38600	271.00000	13412
1.38600	271.00000	13418
1.38600	271.00000	13423
1.38600	271.00000	13429
1.38600	271.00000	13434
1.38600	271.00000	13439
1.38600	271.00000	13444
1.38600	271.00000	13449
1.38600	271.00000	13454
1.38600	271.00000	13460
1.38600	271.00000	13465
1.38600	271.00000	13470
1.38600	271.00000	13475
1.44600	283.29998	13480
1.44600	283.29998	13485
1.44600	283.29998	13490
1.44600	283.29998	13495
1.44600	283.29998	13501
1.44600	283.29998	13506
1.44600	283.29998	13511
1.44600	283.29998	13516
1.44600	283.29998	13521
1.44600	283.29998	13526
1.44600	283.29998	13531
1.44600	283.29998	13536
1.44600	303.70001	13541
1.55400	303.70001	13547
1.55400	303.70001	13552
1.55400	303.70001	13558
1.55400	303.70001	13563
1.55400	303.70001	13568
1.55400	303.70001	13573
1.55400	303.70001	13578
1.55400	303.70001	13583
1.55400	303.70001	13589
1.55400	303.70001	13594
1.55400	303.70001	13599
1.55400	303.70001	13604
1.55400	282.00000	13609
1.44600	282.00000	13614
1.44600	282.00000	13619
1.44600	282.00000	13624
1.44600	282.00000	13630
1.44600	282.00000	13635
1.44600	282.00000	13640
1.44600	282.00000	13645
1.44600	282.00000	13650
1.44600	282.00000	13655
1.44600	282.00000	13660
1.44600	282.00000	13665
1.44600	282.00000	13670
1.46200	287.00000	13676
1.46200	287.00000	13681
1.46200	287.00000	13686
1.46200	287.00000	13691
1.46200	287.00000	13696
1.46200	287.00000	13701
1.46200	287.00000	13706
1.46200	287.00000	13711
1.46200	287.00000	13717
1.46200	287.00000	13722
1.46200	287.00000	13727
1.46200	287.00000	13732
1.46200	287.00000	13737
1.61600	317.29998	13742
1.61600	317.29998	13747
1.61600	317.29998	13752
1.61600	317.29998	13758
1.61600	317.29998	13763
1.61600	317.29998	13768
1.61600	317.29998	13774
1.61600	317.29998	13779
1.61600	317.29998	13784
1.61600	317.29998	13789
1.61600	317.29998	13794
1.61600	317.29998	13800
1.61600	317.29998	13805
1.39600	272.49996	13810
1.39600	272.49996	13815
1.39600	272.49996	13820
1.39600	272.49996	13825
1.39600	272.49996	13830
1.39600	272.49996	13835
1.39600	272.49996	13840
1.39600	272.49996	13846
1.39600	272.49996	13852
1.39600	272.49996	13857
1.39600	272.49996	13862
1.39600	272.49996	13867
1.39600	256.10000	13872
1.31400	256.10000	13877
1.31400	256.10000	13882
1.31400	256.10000	13888
1.31400	256.10000	13893
1.31400	256.10000	13898
1.31400	256.10000	13903
1.31400	256.10000	13908
1.31400	256.10000	13913
1.31400	256.10000	13918
1.31400	256.10000	13923
1.31400	256.10000	13929
1.31400	256.10000	13934
1.31400	257.09997	13939
1.31400	257.09997	13944
1.31400	257.09997	13949
1.31400	257.09997	13955
1.31400	257.09997	13960
1.31400	257.09997	13965
1.31400	257.09997	13971
1.31400	257.09997	13976
1.31400	257.09997	13981
1.31400	257.09997	13986
1.31400	257.09997	13991
1.31400	257.09997	13996
1.31400	257.09997	14001
1.30800	255.19999	14006
1.30800	255.19999	14011
1.30800	255.19999	14017
1.30800	255.19999	14022
1.30800	255.19999	14027
1.30800	255.19999	14032
1.30800	255.19999	14038
1.30800	255.19999	14043
1.30800	255.19999	14048
1.30800	255.19999	14053
1.30800	255.19999	14059
1.30800	255.19999	14064
1.30800	255.19999	14069
1.41600	276.50000	14074
1.41600	276.50000	14079
1.41600	276.50000	14084
1.41600	276.50000	14089
1.41600	276.50000	14094
1.41600	276.50000	14100
1.41600	276.50000	14105
1.41600	276.50000	14110
1.41600	276.50000	14115
1.41600	276.50000	14120
1.41600	276.50000	14125
1.41600	276.50000	14130
1.41600	360.49996	14135
1.82600	360.49996	14141
1.82600	360.49996	14146
1.82600	360.49996	14151
1.82600	360.49996	14156
1.82600	360.49996	14161
1.82600	360.49996	14166
1.82600	360.49996	14172
1.82600	360.49996	14177
1.82600	360.49996	14182
1.82600	360.49996	14188
1.82600	360.49996	14193
1.82600	360.49996	14198
1.82600	375.50000	14203
1.90400	375.50000	14208
1.90400	375.50000	14213
1.90400	375.50000	14218
1.90400	375.50000	14223
1.90400	375.50000	14229
1.90400	375.50000	14234
1.90400	375.50000	14239
1.90400	375.50000	14244
1.90400	375.50000	14249
1.90400	375.50000	14254
1.90400	375.50000	14259
1.90400	375.50000	14264
1.90400	396.39999	14270
2.00200	396.39999	14275
2.00200	396.39999	14280
2.00200	396.39999	14285
2.00200	396.39999	14290
2.00200	396.39999	14295
2.00200	396.39999	14300
2.00200	396.39999	14305
2.00200	396.39999	14310
2.00200	396.39999	14316
2.00200	396.39999	14322
2.00200	396.39999	14327
2.00200	396.39999	14332
2.09800	414.79998	14337
2.09800	414.79998	14342
2.09800	414.79998	14347
2.09800	414.79998	14352
2.09800	414.79998	14358
2.09800	414.79998	14363
2.09800	414.79998	14368
2.09800	414.79998	14373
2.09800	414.79998	14378
2.09800	414.79998	14383
2.09800	414.79998	14388
2.09800	414.79998	14393
2.09800	414.79998	14399
1.91000	376.10000	14405
1.91000	376.10000	14410
1.91000	376.10000	14415
1.91000	376.10000	14420
1.91000	376.10000	14425
1.91000	376.10000	14430
1.91000	376.10000	14435
1.91000	376.10000	14441
1.91000	376.10000	14446
1.91000	376.10000	14451
1.91000	376.10000	14456
1.91000	376.10000	14461
1.91000	424.29998	14466
2.14000	424.29998	14471
2.14000	424.29998	14476
2.14000	424.29998	14481
2.14000	424.29998	14487
2.14000	424.29998	14492
2.14000	424.29998	14497
2.14000	424.29998	14502
2.14000	424.29998	14508
2.14000	424.29998	14513
2.14000	424.29998	14518
2.14000	424.29998	14523
2.14000	424.29998	14529
2.14000	435.09997	14534
2.19800	435.09997	14539
2.19800	435.09997	14544
2.19800	435.09997	14549
2.19800	435.09997	14554
2.19800	435.09997	14559
2.19800	435.09997	14564
2.19800	435.09997	14570
2.19800	435.09997	14575
2.19800	435.09997	14580
2.19800	435.09997	14585
2.19800	435.09997	14590
2.19800	435.09997	14596
1.83800	361.59997	14601
1.83800	361.59997	14606
1.83800	361.59997	14612
1.83800	361.59997	14617
1.83800	361.59997	14622
1.83800	361.59997	14627
1.83800	361.59997	14632
1.83800	361.59997	14637
1.83800	361.59997	14642
1.83800	361.59997	14647
1.83800	361.59997	14653
1.83800	361.59997	14658
1.83800	361.59997	14663
1.88400	373.50000	14668
1.88400	373.50000	14673
1.88400	373.50000	14678
1.88400	373.50000	14683
1.88400	373.50000	14688
1.88400	373.50000	14693
1.88400	373.50000	14699
1.88400	373.50000	14704
1.88400	373.50000	14709
1.88400	373.50000	14714
1.88400	373.50000	14719
1.88400	373.50000	14724
1.88400	443.99996	14729
2.23400	443.99996	14735
2.23400	443.99996	14741
2.23400	443.99996	14746
2.23400	443.99996	14751
2.23400	443.99996	14756
2.23400	443.99996	14761
2.23400	443.99996	14766
2.23400	443.99996	14771
2.23400	443.99996	14776
2.23400	443.99996	14782
2.23400	443.99996	14787
2.23400	443.99996	14792
2.23400	404.19998	14797
2.05200	404.19998	14802
2.05200	404.19998	14807
2.05200	404.19998	14813
2.05200	404.19998	14818
2.05200	404.19998	14824
2.05200	404.19998	14829
2.05200	404.19998	14834
2.05200	404.19998	14839
2.05200	404.19998	14844
2.05200	404.19998	14849
2.05200	404.19998	14854
2.05200	404.19998	14859
2.05200	399.09997	14864
2.01600	399.09997	14870
2.01600	399.09997	14875
2.01600	399.09997	14880
2.01600	399.09997	14885
2.01600	399.09997	14890
2.01600	399.09997	14895
2.01600	399.09997	14900
2.01600	399.09997	14906
2.01600	399.09997	14912
2.01600	399.09997	14917
2.01600	399.09997	14922
2.01600	399.09997	14927
1.99600	394.50000	14932
1.99600	394.50000	14937
1.99600	394.50000	14942
1.99600	394.50000	14947
1.99600	394.50000	14953
1.99600	394.50000	14958
1.99600	394.50000	14963
1.99600	394.50000	14968
1.99600	394.50000	14973
1.99600	394.50000	14978
1.99600	394.50000	14983
1.99600	394.50000	14988
1.99600	394.50000	14993
1.80800	357.09997	14999
1.80800	357.09997	15004
1.80800	357.09997	15009
1.80800	357.09997	15014
1.80800	357.09997	15019
1.80800	357.09997	15024
1.80800	357.09997	15029
1.80800	357.09997	15034
1.80800	357.09997	15040
1.80800	357.09997	15046
1.80800	357.09997	15051
1.80800	357.09997	15056
1.80800	365.59997	15061
1.86200	365.59997	15066
1.86200	365.59997	15071
1.86200	365.59997	15076
1.86200	365.59997	15082
1.86200	365.59997	15087
1.86200	365.59997	15092
1.86200	365.59997	15097
1.86200	365.59997	15102
1.86200	365.59997	15107
1.86200	365.59997	15112
1.86200	365.59997	15117
1.86200	365.59997	15123
1.86200	380.79998	15128
1.92600	380.79998	15134
1.92600	380.79998	15139
1.92600	380.79998	15144
1.92600	380.79998	15149
1.92600	380.79998	15154
1.92600	380.79998	15159
1.92600	380.79998	15165
1.92600	380.79998	15170
1.92600	380.79998	15175
1.92600	380.79998	15180
1.92600	380.79998	15185
1.92600	380.79998	15190
2.09400	415.79998	15195
2.09400	415.79998	15200
2.09400	415.79998	15205
2.09400	415.79998	15211
2.09400	415.79998	15217
2.09400	415.79998	15222
2.09400	415.79998	15227
2.09400	415.79998	15232
2.09400	415.79998	15237
2.09400	415.79998	15242
2.09400	415.79998	15247
2.09400	415.79998	15253
2.09400	415.79998	15258
2.09800	413.69998	15263
2.09800	413.69998	15268
2.09800	413.69998	15273
2.09800	413.69998	15278
2.09800	413.69998	15283
2.09800	413.69998	15288
2.09800	413.69998	15294
2.09800	413.69998	15299
2.09800	413.69998	15305
2.09800	413.69998	15310
2.09800	413.69998	15315
2.09800	413.69998	15320
2.09800	397.19998	15325
2.01600	397.19998	15330
2.01600	397.19998	15336
2.01600	397.19998	15341
2.01600	397.19998	15346
2.01600	397.19998	15351
2.01600	397.19998	15356
2.01600	397.19998	15361
2.01600	397.19998	15366
2.01600	397.19998	15371
2.01600	397.19998	15376
2.01600	397.19998	15382
2.01600	397.19998	15388
2.01600	394.00000	15393
1.99200	394.00000	15398
1.99200	394.00000	15403
1.99200	394.00000	15408
1.99200	394.00000	15413
1.99200	394.00000	15418
1.99200	394.00000	15424
1.99200	394.00000	15429
1.99200	394.00000	15434
1.99200	394.00000	15439
1.99200	394.00000	15444
1.99200	394.00000	15449
1.99200	394.00000	15454
1.99200	398.19998	15459
2.01600	398.19998	15465
2.01600	398.19998	15470
2.01600	398.19998	15475
2.01600	398.19998	15480
2.01600	398.19998	15485
2.01600	398.19998	15490
2.01600	398.19998	15495
2.01600	398.19998	15500
2.01600	398.19998	15505
2.01600	398.19998	15511
2.01600	398.19998	15516
2.01600	398.19998	15521
2.11600	419.50000	15526
2.11600	419.50000	15531
2.11600	419.50000	15536
2.11600	419.50000	15541
2.11600	419.50000	15546
2.11600	419.50000	15553
2.11600	419.50000	15558
2.11600	419.50000	15563
2.11600	419.50000	15568
2.11600	419.50000	15573
2.11600	419.50000	15578
2.11600	419.50000	15583
2.11600	419.50000	15588
1.87200	370.50000	15594
1.87200	370.50000	15599
1.87200	370.50000	15604
1.87200	370.50000	15609
1.87200	370.50000	15614
1.87200	370.50000	15619
1.87200	370.50000	15624
1.87200	370.50000	15629
1.87200	370.50000	15635
1.87200	370.50000	15640
1.87200	370.50000	15645
1.87200	370.50000	15650
1.87200	376.29998	15655
1.92400	376.29998	15660
1.92400	376.29998	15665
1.92400	376.29998	15670
1.92400	376.29998	15675
1.92400	376.29998	15681
1.92400	376.29998	15686
1.92400	376.29998	15691
1.92400	376.29998	15696
1.92400	376.29998	15701
1.92400	376.29998	15706
1.92400	376.29998	15712
1.92400	376.29998	15717
1.92400	314.19998	15723
1.59000	314.19998	15728
1.59000	314.19998	15733
1.59000	314.19998	15738
1.59000	314.19998	15743
1.59000	314.19998	15748
1.59000	314.19998	15753
1.59000	314.19998	15758
1.59000	314.19998	15764
1.59000	314.19998	15769
1.59000	314.19998	15774
1.59000	314.19998	15779
1.59000	314.19998	15784
1.79600	354.59997	15789
1.79600	354.59997	15794
1.79600	354.59997	15800
1.79600	354.59997	15806
1.79600	354.59997	15811
1.79600	354.59997	15816
1.79600	354.59997	15821
1.79600	354.59997	15826
1.79600	354.59997	15831
1.79600	354.59997	15836
1.79600	354.59997	15841
1.79600	354.59997	15846
1.79600	354.59997	15852
1.91000	375.70001	15857
1.91000	375.70001	15862
1.91000	375.70001	15867
1.91000	375.70001	15872
1.91000	375.70001	15877
1.91000	375.70001	15882
1.91000	375.70001	15888
1.91000	375.70001	15894
1.91000	375.70001	15899
1.91000	375.70001	15904
1.91000	375.70001	15909
1.91000	375.70001	15914
1.91000	397.39999	15919
2.01600	397.39999	15924
2.01600	397.39999	15929
2.01600	397.39999	15935
2.01600	397.39999	15940
2.01600	397.39999	15945
2.01600	397.39999	15950
2.01600	397.39999	15955
2.01600	397.39999	15960
2.01600	397.39999	15965
2.01600	397.39999	15970
2.01600	397.39999	15977
2.01600	397.39999	15982
2.01600	392.19998	15987
1.98600	392.19998	15992
1.98600	392.19998	15997
1.98600	392.19998	16002
1.98600	392.19998	16007
1.98600	392.19998	16012
1.98600	392.19998	16017
1.98600	392.19998	16023
1.98600	392.19998	16028
1.98600	392.19998	16033
1.98600	392.19998	16038
1.98600	392.19998	16043
1.98600	392.19998	16048
1.98600	390.60000	16053
1.98000	390.60000	16058
1.98000	390.60000	16064
1.98000	390.60000	16070
1.98000	390.60000	16075
1.98000	390.60000	16080
1.98000	390.60000	16085
1.98000	390.60000	16090
1.98000	390.60000	16095
1.98000	390.60000	16100
1.98000	390.60000	16106
1.98000	390.60000	16111
1.98000	390.60000	16116
2.00800	398.29998	16121
2.00800	398.29998	16126
2.00800	398.29998	16131
2.00800	398.29998	16136
2.00800	398.29998	16141
2.00800	398.29998	16147
2.00800	398.29998	16152
2.00800	398.29998	16157
2.00800	398.29998	16162
2.00800	398.29998	16167
2.00800	398.29998	16173
2.00800	398.29998	16178
2.00800	415.99996	16183
2.10000	415.99996	16189
2.10000	415.99996	16194
2.10000	415.99996	16199
2.10000	415.99996	16204
2.10000	415.99996	16209
2.10000	415.99996	16214
2.10000	415.99996	16219
2.10000	415.99996	16224
2.10000	415.99996	16229
2.10000	415.99996	16235
2.10000	415.99996	16240
2.10000	415.99996	16245
2.10000	410.09997	16250
2.07000	410.09997	16255
2.07000	410.09997	16260
2.07000	410.09997	16265
2.07000	410.09997	16271
2.07000	410.09997	16277
2.07000	410.09997	16282
2.07000	410.09997	16287
2.07000	410.09997	16292
2.07000	410.09997	16297
2.07000	410.09997	16302
2.07000	410.09997	16307
2.07000	410.09997	16312
2.07000	435.00000	16318
2.19800	435.00000	16323
2.19800	435.00000	16328
2.19800	435.00000	16333
2.19800	435.00000	16338
2.19800	435.00000	16343
2.19800	435.00000	16348
2.19800	435.00000	16353
2.19800	435.00000	16358
2.19800	435.00000	16364
2.19800	435.00000	16369
2.19800	435.00000	16374
2.19800	435.00000	16379
1.99000	392.60000	16384
1.99000	392.60000	16389
1.99000	392.60000	16394
1.99000	392.60000	16399
1.99000	392.60000	16405
1.99000	392.60000	16410
1.99000	392.60000	16415
1.99000	392.60000	16420
1.99000	392.60000	16425
1.99000	392.60000	16430
1.99000	392.60000	16435
1.99000	392.60000	16440
1.99000	392.60000	16447
1.95000	385.39999	16452
1.95000	385.39999	16457
1.95000	385.39999	16462
1.95000	385.39999	16467
1.95000	385.39999	16472
1.95000	385.39999	16477
1.95000	385.39999	16482
1.95000	385.39999	16488
1.95000	385.39999	16493
1.95000	385.39999	16498
1.95000	385.39999	16503
1.95000	385.39999	16508
1.95000	415.79998	16513
2.09800	415.79998	16518
2.09800	415.79998	16523
2.09800	415.79998	16528
2.09800	415.79998	16535
2.09800	415.79998	16540
2.09800	415.79998	16545
2.09800	415.79998	16550
2.09800	415.79998	16555
2.09800	415.79998	16560
2.09800	415.79998	16565
2.09800	415.79998	16570
2.09800	415.79998	16576
2.09800	429.49996	16581
2.16200	429.49996	16586
2.16200	429.49996	16591
2.16200	429.49996	16596
2.16200	429.49996	16601
2.16200	429.49996	16606
2.16200	429.49996	16611
2.16200	429.49996	16617
2.16200	429.49996	16623
2.16200	429.49996	16628
2.16200	429.49996	16633
2.16200	429.49996	16638
2.16200	429.49996	16643
2.16200	434.69998	16648
2.21600	434.69998	16653
2.21600	434.69998	16659
2.21600	434.69998	16664
2.21600	434.69998	16669
2.21600	434.69998	16674
2.21600	434.69998	16679
2.21600	434.69998	16684
2.21600	434.69998	16689
2.21600	434.69998	16694
2.21600	434.69998	16701
2.21600	434.69998	16706
2.21600	434.69998	16711
1.83600	360.69998	16716
1.83600	360.69998	16721
1.83600	360.69998	16726
1.83600	360.69998	16731
1.83600	360.69998	16736
1.83600	360.69998	16741
1.83600	360.69998	16747
1.83600	360.69998	16752
1.83600	360.69998	16757
1.83600	360.69998	16762
1.83600	360.69998	16767
1.83600	360.69998	16772
1.83600	374.89999	16777
1.89400	374.89999	16783
1.89400	374.89999	16789
1.89400	374.89999	16794
1.89400	374.89999	16799
1.89400	374.89999	16804
1.89400	374.89999	16809
1.89400	374.89999	16814
1.89400	374.89999	16819
1.89400	374.89999	16824
1.89400	374.89999	16830
1.89400	374.89999	16835
1.89400	374.89999	16840
1.89400	390.00000	16845
1.97600	390.00000	16850
1.97600	390.00000	16855
1.97600	390.00000	16860
1.97600	390.00000	16865
1.97600	390.00000	16870
1.97600	390.00000	16876
1.97600	390.00000	16881
1.97600	390.00000	16886
1.97600	390.00000	16891
1.97600	390.00000	16896
1.97600	390.00000	16901
1.97600	390.00000	16906
1.97600	404.30001	16911
2.04200	404.30001	16917
2.04200	404.30001	16922
2.04200	404.30001	16927
2.04200	404.30001	16932
2.04200	404.30001	16937
2.04200	404.30001	16943
2.04200	404.30001	16948
2.04200	404.30001	16953
2.04200	404.30001	16959
2.04200	404.30001	16964
2.04200	404.30001	16969
2.04200	404.30001	16974
2.01800	399.39999	16979
2.01800	399.39999	16984
2.01800	399.39999	16989
2.01800	399.39999	16994
2.01800	399.39999	17000
2.01800	399.39999	17005
2.01800	399.39999	17010
2.01800	399.39999	17015
2.01800	399.39999	17020
2.01800	399.39999	17025
2.01800	399.39999	17031
2.01800	399.39999	17036
2.01800	399.39999	17041
2.08800	414.29998	17047
2.08800	414.29998	17052
2.08800	414.29998	17057
2.08800	414.29998	17062
2.08800	414.29998	17067
2.08800	414.29998	17072
2.08800	414.29998	17077
2.08800	414.29998	17082
2.08800	414.29998	17088
2.08800	414.29998	17093
2.08800	414.29998	17098
2.08800	414.29998	17103
2.08800	400.79998	17108
2.03800	400.79998	17113
2.03800	400.79998	17119
2.03800	400.79998	17124
2.03800	400.79998	17130
2.03800	400.79998	17135
2.03800	400.79998	17140
2.03800	400.79998	17145
2.03800	400.79998	17150
2.03800	400.79998	17155
2.03800	400.79998	17160
2.03800	400.79998	17165
2.03800	400.79998	17171
2.03800	354.09997	17176
1.79800	354.09997	17181
1.79800	354.09997	17186
1.79800	354.09997	17191
1.79800	354.09997	17196
1.79800	354.09997	17201
1.79800	354.09997	17207
1.79800	354.09997	17213
1.79800	354.09997	17218
1.79800	354.09997	17223
1.79800	354.09997	17228
1.79800	354.09997	17233
1.79800	354.09997	17238
1.94000	383.00000	17243
1.94000	383.00000	17248
1.94000	383.00000	17253
1.94000	383.00000	17259
1.94000	383.00000	17264
1.94000	383.00000	17269
1.94000	383.00000	17274
1.94000	383.00000	17279
1.94000	383.00000	17284
1.94000	383.00000	17289
1.94000	383.00000	17294
1.94000	383.00000	17300
1.94000	383.00000	17305
1.79800	354.09997	17310
1.79800	354.09997	17315
1.79800	354.09997	17320
1.79800	354.09997	17325
1.79800	354.09997	17330
1.79800	354.09997	17335
1.79800	354.09997	17341
1.79800	354.09997	17346
1.79800	354.09997	17351
1.79800	354.09997	17356
1.79800	354.09997	17361
1.79800	354.09997	17367
1.79800	354.09997	17372
1.78600	351.89999	17377
1.78600	351.89999	17382
1.78600	351.89999	17388
1.78600	351.89999	17393
1.78600	351.89999	17398
1.78600	351.89999	17403
1.78600	351.89999	17408
1.78600	351.89999	17413
1.78600	351.89999	17418
1.78600	351.89999	17423
1.78600	351.89999	17429
1.78600	351.89999	17434
1.78600	359.50000	17439
1.82200	359.50000	17444
1.82200	359.50000	17449
1.82200	359.50000	17454
1.82200	359.50000	17459
1.82200	359.50000	17464
1.82200	359.50000	17470
1.82200	359.50000	17475
1.82200	359.50000	17481
1.82200	359.50000	17486
1.82200	359.50000	17491
1.82200	359.50000	17496
1.82200	359.50000	17501
1.82200	367.19998	17506
1.86800	367.19998	17512
1.86800	367.19998	17517
1.86800	367.19998	17522
1.86800	367.19998	17527
1.86800	367.19998	17532
1.86800	367.19998	17537
1.86800	367.19998	17542
1.86800	367.19998	17547
1.86800	367.19998	17552
1.86800	367.19998	17558
1.86800	367.19998	17563
1.86800	367.19998	17568
1.80200	354.70001	17573
1.80200	354.70001	17578
1.80200	354.70001	17583
1.80200	354.70001	17589
1.80200	354.70001	17594
1.80200	354.70001	17600
1.80200	354.70001	17605
1.80200	354.70001	17610
1.80200	354.70001	17615
1.80200	354.70001	17620
1.80200	354.70001	17625
1.80200	354.70001	17630
1.80200	354.70001	17635
1.87800	369.29998	17641
1.87800	369.29998	17646
1.87800	369.29998	17651
1.87800	369.29998	17656
1.87800	369.29998	17661
1.87800	369.29998	17666
1.87800	369.29998	17671
1.87800	369.29998	17676
1.87800	369.29998	17683
1.87800	369.29998	17688
1.87800	369.29998	17693
1.87800	369.29998	17698
1.87800	363.79998	17703
1.84800	363.79998	17708
1.84800	363.79998	17713
1.84800	363.79998	17718
1.84800	363.79998	17723
1.84800	363.79998	17729
1.84800	363.79998	17734
1.84800	363.79998	17739
1.84800	363.79998	17744
1.84800	363.79998	17749
1.84800	363.79998	17754
1.84800	363.79998	17759
1.84800	363.79998	17764
1.84800	348.80001	17771
1.77000	348.80001	17776
1.77000	348.80001	17781
1.77000	348.80001	17786
1.77000	348.80001	17791
1.77000	348.80001	17796
1.77000	348.80001	17801
1.77000	348.80001	17806
1.77000	348.80001	17812
1.77000	348.80001	17817
1.77000	348.80001	17822
1.77000	348.80001	17827
1.77000	348.80001	17832
1.77000	303.29998	17837
1.55600	303.29998	17842
1.55600	303.29998	17847
1.55600	303.29998	17853
1.55600	303.29998	17858
1.55600	303.29998	17863
1.55600	303.29998	17869
1.55600	303.29998	17874
1.55600	303.29998	17879
1.55600	303.29998	17884
1.55600	303.29998	17889
1.55600	303.29998	17894
1.55600	303.29998	17900
1.25800	245.09999	17905
1.25800	245.09999	17910
1.25800	245.09999	17915
1.25800	245.09999	17920
1.25800	245.09999	17925
1.25800	245.09999	17930
1.25800	245.09999	17935
1.25800	245.09999	17941
1.25800	245.09999	17946
1.25800	245.09999	17951
1.25800	245.09999	17956
1.25800	245.09999	17961
1.25800	245.50000	17966
1.25800	245.50000	17972
1.25800	245.50000	17977
1.25800	245.50000	17983
1.25800	245.50000	17988
1.25800	245.50000	17993
1.25800	245.50000	17998
1.25800	245.50000	18003
1.25800	245.50000	18008
1.25800	245.50000	18013
1.25800	245.50000	18018
1.25800	245.50000	18024
1.25800	245.50000	18029
1.25800	245.19999	18034
1.25800	245.19999	18039
1.25800	245.19999	18044
1.25800	245.19999	18049
1.25800	245.19999	18054
1.25800	245.19999	18059
1.25800	245.19999	18064
1.25800	245.19999	18070
1.25800	245.19999	18075
1.25800	245.19999	18080
1.25800	245.19999	18085
1.25800	245.19999	18090
1.25800	245.19999	18095
1.25800	245.50000	18100
1.25800	245.50000	18105
1.25800	245.50000	18111
1.25800	245.50000	18116
1.25800	245.50000	18121
1.25800	245.50000	18126
1.25800	245.50000	18131
1.25800	245.50000	18136
1.25800	245.50000	18141
1.25800	245.50000	18147
1.25800	245.50000	18153
1.25800	245.50000	18158
1.25800	245.50000	18163
1.25800	245.69998	18168
1.26200	245.69998	18173
1.26200	245.69998	18178
1.26200	245.69998	18183
1.26200	245.69998	18188
1.26200	245.69998	18193
1.26200	245.69998	18199
1.26200	245.69998	18204
1.26200	245.69998	18209
1.26200	245.69998	18214
1.26200	245.69998	18219
1.26200	245.69998	18224
1.26200	245.69998	18229
1.25800	245.29998	18234
1.25800	245.29998	18240
1.25800	245.29998	18245
1.25800	245.29998	18251
1.25800	245.29998	18256
1.25800	245.29998	18261
1.25800	245.29998	18266
1.25800	245.29998	18271
1.25800	245.29998	18276
1.25800	245.29998	18282
1.25800	245.29998	18287
1.25800	245.29998	18292
1.25800	245.09999	18297
1.25800	245.09999	18302
1.25800	245.09999	18307
1.25800	245.09999	18312
1.25800	245.09999	18317
1.25800	245.09999	18323
1.25800	245.09999	18328
1.25800	245.09999	18333
1.25800	245.09999	18338
1.25800	245.09999	18344
1.25800	245.09999	18349
1.25800	245.09999	18354
1.25800	245.09999	18359
1.25800	262.99996	18365
1.34600	262.99996	18370
1.34600	262.99996	18375
1.34600	262.99996	18380
1.34600	262.99996	18385
1.34600	262.99996	18390
1.34600	262.99996	18395
1.34600	262.99996	18400
1.34600	262.99996	18405
1.34600	262.99996	18411
1.34600	262.99996	18416
1.34600	262.99996	18421
1.34600	262.99996	18426
1.34600	245.29998	18432
1.25800	245.29998	18437
1.25800	245.29998	18442
1.25800	245.29998	18447
1.25800	245.29998	18453
1.25800	245.29998	18458
1.25800	245.29998	18463
1.25800	245.29998	18468
1.25800	245.29998	18473
1.25800	245.29998	18478
1.25800	245.29998	18483
1.25800	245.29998	18488
1.25800	245.29998	18494
1.25800	245.19999	18499
1.25800	245.19999	18504
1.25800	245.19999	18509
1.25800	245.19999	18514
1.25800	245.19999	18520
1.25800	245.19999	18525
1.25800	245.19999	18530
1.25800	245.19999	18536
1.25800	245.19999	18541
1.25800	245.19999	18546
1.25800	245.19999	18551
1.25800	245.19999	18556
1.25800	244.89999	18561
1.25600	244.89999	18566
1.25600	244.89999	18571
1.25600	244.89999	18576
1.25600	244.89999	18582
1.25600	244.89999	18587
1.25600	244.89999	18592
1.25600	244.89999	18597
1.25600	244.89999	18602
1.25600	244.89999	18607
1.25600	244.89999	18613
1.25600	244.89999	18618
1.25600	244.89999	18624
1.25600	244.99998	18629
1.25600	244.99998	18634
1.25600	244.99998	18639
1.25600	244.99998	18644
1.25600	244.99998	18649
1.25600	244.99998	18654
1.25600	244.99998	18659
1.25600	244.99998	18665
1.25600	244.99998	18670
1.25600	244.99998	18675
1.25600	244.99998	18680
1.25600	244.99998	18685
1.25600	244.99998	18690
1.25600	244.99998	18695
1.25600	244.99998	18701
1.25600	244.99998	18707
1.25600	244.99998	18712
1.25600	244.99998	18717
1.25600	244.99998	18722
1.25600	244.99998	18727
1.25600	244.99998	18732
1.25600	244.99998	18737
1.25600	244.99998	18742
1.25600	244.99998	18747
1.25600	244.99998	18753
1.25600	244.99998	18758
1.25600	244.79998	18763
1.25600	244.79998	18768
1.25600	244.79998	18773
1.25600	244.79998	18778
1.25600	244.79998	18783
1.25600	244.79998	18788
1.25600	244.79998	18795
1.25600	244.79998	18800
1.25600	244.79998	18805
1.25600	244.79998	18810
1.25600	244.79998	18815
1.25600	244.79998	18820
1.25600	244.79998	18825
1.29400	252.20001	18830
1.29400	252.20001	18836
1.29400	252.20001	18841
1.29400	252.20001	18846
1.29400	252.20001	18851
1.29400	252.20001	18856
1.29400	252.20001	18861
1.29400	252.20001	18866
1.29400	252.20001	18871
1.29400	252.20001	18877
1.29400	252.20001	18882
1.29400	252.20001	18887
1.29400	244.99998	18893
1.25600	244.99998	18898
1.25600	244.99998	18903
1.25600	244.99998	18908
1.25600	244.99998	18913
1.25600	244.99998	18918
1.25600	244.99998	18924
1.25600	244.99998	18929
1.25600	244.99998	18934
1.25600	244.99998	18939
1.25600	244.99998	18944
1.25600	244.99998	18949
1.25600	244.99998	18954
1.25600	251.89999	18959
1.29200	251.89999	18965
1.29200	251.89999	18970
1.29200	251.89999	18975
1.29200	251.89999	18980
1.29200	251.89999	18986
1.29200	251.89999	18991
1.29200	251.89999	18996
1.29200	251.89999	19001
1.29200	251.89999	19007
1.29200	251.89999	19012
1.29200	251.89999	19017
1.29200	251.89999	19022
1.25800	245.09999	19027
1.25800	245.09999	19032
1.25800	245.09999	19037
1.25800	245.09999	19042
1.25800	245.09999	19048
1.25800	245.09999	19053
1.25800	245.09999	19058
1.25800	245.09999	19063
1.25800	245.09999	19068
1.25800	245.09999	19073
1.25800	245.09999	19079
1.25800	245.09999	19084
1.25800	245.09999	19089
1.25600	244.99998	19095
1.25600	244.99998	19100
1.25600	244.99998	19105
1.25600	244.99998	19110
1.25600	244.99998	19115
1.25600	244.99998	19120
1.25600	244.99998	19125
1.25600	244.99998	19130
1.25600	244.99998	19136
1.25600	244.99998	19141
1.25600	244.99998	19146
1.25600	244.99998	19151
1.25600	244.59999	19156
1.25200	244.59999	19161
1.25200	244.59999	19166
1.25200	244.59999	19172
1.25200	244.59999	19178
1.25200	244.59999	19183
1.25200	244.59999	19188
1.25200	244.59999	19193
1.25200	244.59999	19198
1.25200	244.59999	19203
1.25200	244.59999	19208
1.25200	244.59999	19213
1.25200	244.59999	19219
1.25200	244.89999	19224
1.25600	244.89999	19229
1.25600	244.89999	19234
1.25600	244.89999	19239
1.25600	244.89999	19244
1.25600	244.89999	19249
1.25600	244.89999	19254
1.25600	244.89999	19261
1.25600	244.89999	19266
1.25600	244.89999	19271
1.25600	244.89999	19276
1.25600	244.89999	19281
1.25600	244.89999	19286
1.25600	244.89999	19291
1.25600	244.89999	19296
1.25600	244.89999	19301
1.25600	244.89999	19307
1.25600	244.89999	19312
1.25600	244.89999	19317
1.25600	244.89999	19322
1.25600	244.89999	19327
1.25600	244.89999	19332
1.25600	244.89999	19337
1.25600	244.89999	19342
1.25600	244.89999	19349
1.25600	244.89999	19354
1.25600	244.69999	19359
1.25600	244.69999	19364
1.25600	244.69999	19369
1.25600	244.69999	19374
1.25600	244.69999	19379
1.25600	244.69999	19384
1.25600	244.69999	19390
1.25600	244.69999	19395
1.25600	244.69999	19400
1.25600	244.69999	19405
1.25600	244.69999	19410
1.25600	244.69999	19415
1.25600	244.89999	19420
1.25600	244.89999	19425
1.25600	244.89999	19432
1.25600	244.89999	19437
1.25600	244.89999	19442
1.25600	244.89999	19447
1.25600	244.89999	19452
1.25600	244.89999	19457
1.25600	244.89999	19462
1.25600	244.89999	19467
1.25600	244.89999	19472
1.25600	244.89999	19478
1.25600	244.89999	19483
1.25600	245.60000	19488
1.25800	245.60000	19493
1.25800	245.60000	19498
1.25800	245.60000	19503
1.25800	245.60000	19508
1.25800	245.60000	19513
1.25800	245.60000	19519
1.25800	245.60000	19524
1.25800	245.60000	19529
1.25800	245.60000	19534
1.25800	245.60000	19540
1.25800	245.60000	19545
1.25800	245.60000	19550
1.29800	253.29998	19555
1.29800	253.29998	19561
1.29800	253.29998	19566
1.29800	253.29998	19571
1.29800	253.29998	19576
1.29800	253.29998	19581
1.29800	253.29998	19586
1.29800	253.29998	19591
1.29800	253.29998	19596
1.29800	253.29998	19601
1.29800	253.29998	19607
1.29800	253.29998	19612
1.29800	253.29998	19617
1.19600	233.09999	19622
1.19600	233.09999	19627
1.19600	233.09999	19633
1.19600	233.09999	19638
1.19600	233.09999	19643
1.19600	233.09999	19649
1.19600	233.09999	19654
1.19600	233.09999	19659
1.19600	233.09999	19664
1.19600	233.09999	19669
1.19600	233.09999	19674
1.19600	233.09999	19679
1.19600	232.19999	19684
1.19200	232.19999	19690
1.19200	232.19999	19695
1.19200	232.19999	19700
1.19200	232.19999	19705
1.19200	232.19999	19710
1.19200	232.19999	19715
1.19200	232.19999	19720
1.19200	232.19999	19726
1.19200	232.19999	19732
1.19200	232.19999	19737
1.19200	232.19999	19742
1.19200	232.19999	19747
1.19200	232.00000	19752
1.19000	232.00000	19757
1.19000	232.00000	19762
1.19000	232.00000	19767
1.19000	232.00000	19773
1.19000	232.00000	19778
1.19000	232.00000	19783
1.19000	232.00000	19788
1.19000	232.00000	19793
1.19000	232.00000	19798
1.19000	232.00000	19803
1.19000	232.00000	19808
1.19000	232.00000	19813
1.19000	238.50000	19819
1.22600	238.50000	19824
1.22600	238.50000	19829
1.22600	238.50000	19834
1.22600	238.50000	19839
1.22600	238.50000	19844
1.22600	238.50000	19849
1.22600	238.50000	19854
1.22600	238.50000	19860
1.22600	238.50000	19865
1.22600	238.50000	19870
1.22600	238.50000	19875
1.22600	238.50000	19880
1.22600	232.19999	19885
1.19000	232.19999	19890
1.19000	232.19999	19895
1.19000	232.19999	19901
1.19000	232.19999	19906
1.19000	232.19999	19911
1.19000	232.19999	19916
1.19000	232.19999	19921
1.19000	232.19999	19926
1.19000	232.19999	19931
1.19000	232.19999	19936
1.19000	232.19999	19942
1.19000	232.19999	19948
1.19200	232.30000	19953
1.19200	232.30000	19958
1.19200	232.30000	19963
1.19200	232.30000	19968
1.19200	232.30000	19973
1.19200	232.30000	19978
1.19200	232.30000	19983
1.19200	232.30000	19989
1.19200	232.30000	19994
1.19200	232.30000	19999
