power,current,time
0.11200,21.20000,4
0.11200,21.20000,9
0.11200,21.20000,14
0.11200,21.20000,19
0.11200,21.20000,24
0.11200,21.20000,29
0.11200,21.20000,33
0.11200,21.20000,39
0.11200,21.20000,44
0.11200,21.20000,49
0.11200,21.20000,54
0.11200,21.20000,59
0.11200,21.20000,64
0.29400,56.80000,68
0.29400,56.80000,73
0.29400,56.80000,78
0.29400,56.80000,84
0.29400,56.80000,89
0.29400,56.80000,94
0.29400,56.80000,99
0.29400,56.80000,103
0.29400,56.80000,108
0.29400,56.80000,113
0.29400,56.80000,118
0.29400,56.80000,124
0.29400,56.80000,129
0.29400,54.40000,134
0.28600,54.40000,139
0.28600,54.40000,144
0.28600,54.40000,148
0.28600,54.40000,153
0.28600,54.40000,158
0.28600,54.40000,163
0.28600,54.40000,169
0.28600,54.40000,174
0.28600,54.40000,179
0.28600,54.40000,184
0.28600,54.40000,189
0.28600,54.40000,193
0.28600,47.60000,198
0.25000,47.60000,203
0.25000,47.60000,209
0.25000,47.60000,214
0.25000,47.60000,219
0.25000,47.60000,224
0.25000,47.60000,229
0.25000,47.60000,234
0.25000,47.60000,239
0.25000,47.60000,243
0.25000,47.60000,248
0.25000,47.60000,254
0.25000,47.60000,259
0.25000,62.50000,264
0.32400,62.50000,269
0.32400,62.50000,274
0.32400,62.50000,279
0.32400,62.50000,284
0.32400,62.50000,289
0.32400,62.50000,294
0.32400,62.50000,299
0.32400,62.50000,304
0.32400,62.50000,309
0.32400,62.50000,314
0.32400,62.50000,319
0.32400,62.50000,324
0.32400,62.50000,329
0.33800,64.90000,334
0.33800,64.90000,339
0.33800,64.90000,344
0.33800,64.90000,349
0.33800,64.90000,354
0.33800,64.90000,359
0.33800,64.90000,364
0.33800,64.90000,369
0.33800,64.90000,374
0.33800,64.90000,380
0.33800,64.90000,385
0.33800,64.90000,389
0.33800,64.90000,394
0.31800,60.90000,399
0.31800,60.90000,404
0.31800,60.90000,409
0.31800,60.90000,414
0.31800,60.90000,419
0.31800,60.90000,425
0.31800,60.90000,430
0.31800,60.90000,435
0.31800,60.90000,439
0.31800,60.90000,444
0.31800,60.90000,449
0.31800,60.90000,454
0.31800,60.90000,459
0.31800,70.09999,465
0.36400,70.09999,470
0.36400,70.09999,475
0.36400,70.09999,480
0.36400,70.09999,485
0.36400,70.09999,489
0.36400,70.09999,494
0.36400,70.09999,499
0.36400,70.09999,504
0.36400,70.09999,510
0.36400,70.09999,515
0.36400,70.09999,520
0.36400,70.09999,525
0.36400,79.90000,530
0.41600,79.90000,535
0.41600,79.90000,539
0.41600,79.90000,544
0.41600,79.90000,550
0.41600,79.90000,555
0.41600,79.90000,560
0.41600,79.90000,565
0.41600,79.90000,570
0.41600,79.90000,575
0.41600,79.90000,580
0.41600,79.90000,585
0.41600,79.90000,589
0.41600,79.80000,595
0.41600,79.80000,600
0.41600,79.80000,605
0.41600,79.80000,610
0.41600,79.80000,615
0.41600,79.80000,620
0.41600,79.80000,625
0.41600,79.80000,630
0.41600,79.80000,635
0.41600,79.80000,640
0.41600,79.80000,645
0.41600,79.80000,650
0.41600,79.80000,655
0.41600,79.80000,660
0.41600,79.80000,665
0.41600,79.80000,670
0.41600,79.80000,675
0.41600,79.80000,680
0.41600,79.80000,685
0.41600,79.80000,690
0.41600,79.80000,695
0.41600,79.80000,700
0.41600,79.80000,705
0.41600,79.80000,710
0.41600,79.80000,715
0.41600,79.80000,721
0.41600,79.80000,726
0.41600,80.40000,730
0.41600,80.40000,735
0.41600,80.40000,740
0.41600,80.40000,745
0.41600,80.40000,750
0.41600,80.40000,755
0.41600,80.40000,760
0.41600,80.40000,766
0.41600,80.40000,771
0.41600,80.40000,775
0.41600,80.40000,780
0.41600,80.40000,785
0.41600,80.40000,790
0.43000,82.90000,795
0.43000,82.90000,800
0.43000,82.90000,806
0.43000,82.90000,811
0.43000,82.90000,816
0.43000,82.90000,820
0.43000,82.90000,825
0.43000,82.90000,830
0.43000,82.90000,835
0.43000,82.90000,840
0.43000,82.90000,845
0.43000,82.90000,851
0.43000,82.90000,856
0.43000,87.00000,861
0.45200,87.00000,865
0.45200,87.00000,870
0.45200,87.00000,875
0.45200,87.00000,880
0.45200,87.00000,885
0.45200,87.00000,891
0.45200,87.00000,896
0.45200,87.00000,901
0.45200,87.00000,906
0.45200,87.00000,910
0.45200,87.00000,915
0.45200,87.00000,920
0.45200,52.10000,925
0.27200,52.10000,930
0.27200,52.10000,936
0.27200,52.10000,941
0.27200,52.10000,946
0.27200,52.10000,951
0.27200,52.10000,956
0.27200,52.10000,960
0.27200,52.10000,965
0.27200,52.10000,970
0.27200,52.10000,975
0.27200,52.10000,981
0.27200,52.10000,986
0.27200,56.90000,991
0.29400,56.90000,996
0.29400,56.90000,1001
0.29400,56.90000,1006
0.29400,56.90000,1011
0.29400,56.90000,1016
0.29400,56.90000,1021
0.29400,56.90000,1026
0.29400,56.90000,1031
0.29400,56.90000,1036
0.29400,56.90000,1041
0.29400,56.90000,1046
0.29400,56.90000,1051
0.29400,72.20000,1056
0.37400,72.20000,1062
0.37400,72.20000,1067
0.37400,72.20000,1072
0.37400,72.20000,1077
0.37400,72.20000,1082
0.37400,72.20000,1087
0.37400,72.20000,1092
0.37400,72.20000,1097
0.37400,72.20000,1102
0.37400,72.20000,1108
0.37400,72.20000,1113
0.37400,72.20000,1118
0.37400,69.60000,1122
0.36000,69.60000,1127
0.36000,69.60000,1132
0.36000,69.60000,1137
0.36000,69.60000,1142
0.36000,69.60000,1148
0.36000,69.60000,1153
0.36000,69.60000,1158
0.36000,69.60000,1163
0.36000,69.60000,1168
0.36000,69.60000,1173
0.36000,69.60000,1178
0.36000,69.60000,1183
0.36000,72.20000,1188
0.37400,72.20000,1194
0.37400,72.20000,1199
0.37400,72.20000,1204
0.37400,72.20000,1209
0.37400,72.20000,1214
0.37400,72.20000,1218
0.37400,72.20000,1223
0.37400,72.20000,1228
0.37400,72.20000,1234
0.37400,72.20000,1239
0.37400,72.20000,1244
0.37400,72.20000,1249
0.37400,72.80000,1254
0.38000,72.80000,1259
0.38000,72.80000,1264
0.38000,72.80000,1269
0.38000,72.80000,1275
0.38000,72.80000,1280
0.38000,72.80000,1285
0.38000,72.80000,1290
0.38000,72.80000,1295
0.38000,72.80000,1300
0.38000,72.80000,1305
0.38000,72.80000,1309
0.38000,72.80000,1314
0.38000,72.80000,1320
0.48800,94.20000,1325
0.48800,94.20000,1330
0.48800,94.20000,1335
0.48800,94.20000,1340
0.48800,94.20000,1345
0.48800,94.20000,1350
0.48800,94.20000,1355
0.48800,94.20000,1361
0.48800,94.20000,1366
0.48800,94.20000,1371
0.48800,94.20000,1376
0.48800,94.20000,1381
0.48800,94.20000,1386
0.54800,105.40000,1391
0.54800,105.40000,1396
0.54800,105.40000,1401
0.54800,105.40000,1407
0.54800,105.40000,1412
0.54800,105.40000,1417
0.54800,105.40000,1422
0.54800,105.40000,1427
0.54800,105.40000,1432
0.54800,105.40000,1437
0.54800,105.40000,1442
0.54800,105.40000,1448
0.54800,115.70000,1453
0.60000,115.70000,1458
0.60000,115.70000,1463
0.60000,115.70000,1468
0.60000,115.70000,1473
0.60000,115.70000,1477
0.60000,115.70000,1482
0.60000,115.70000,1487
0.60000,115.70000,1493
0.60000,115.70000,1498
0.60000,115.70000,1503
0.60000,115.70000,1508
0.60000,115.70000,1513
0.60000,115.80001,1518
0.60000,115.80001,1523
0.60000,115.80001,1528
0.60000,115.80001,1534
0.60000,115.80001,1539
0.60000,115.80001,1544
0.60000,115.80001,1549
0.60000,115.80001,1554
0.60000,115.80001,1559
0.60000,115.80001,1564
0.60000,115.80001,1569
0.60000,115.80001,1575
0.60000,115.80001,1580
0.60000,115.80001,1585
0.60000,115.80001,1590
0.60000,115.80001,1595
0.60000,115.80001,1600
0.60000,115.80001,1605
0.60000,115.80001,1610
0.60000,115.80001,1615
0.60000,115.80001,1621
0.60000,115.80001,1626
0.60000,115.80001,1631
0.60000,115.80001,1636
0.60000,115.80001,1641
0.60000,115.80001,1646
0.60000,114.60000,1651
0.59400,114.60000,1656
0.59400,114.60000,1662
0.59400,114.60000,1667
0.59400,114.60000,1672
0.59400,114.60000,1677
0.59400,114.60000,1682
0.59400,114.60000,1687
0.59400,114.60000,1692
0.59400,114.60000,1697
0.59400,114.60000,1703
0.59400,114.60000,1708
0.59400,114.60000,1713
0.59400,114.20000,1718
0.59400,114.20000,1723
0.59400,114.20000,1728
0.59400,114.20000,1733
0.59400,114.20000,1738
0.59400,114.20000,1743
0.59400,114.20000,1749
0.59400,114.20000,1754
0.59400,114.20000,1759
0.59400,114.20000,1764
0.59400,114.20000,1769
0.59400,114.20000,1774
0.59400,114.20000,1779
0.59400,115.80001,1784
0.60000,115.80001,1790
0.60000,115.80001,1795
0.60000,115.80001,1800
0.60000,115.80001,1805
0.60000,115.80001,1810
0.60000,115.80001,1815
0.60000,115.80001,1820
0.60000,115.80001,1825
0.60000,115.80001,1831
0.60000,115.80001,1836
0.60000,115.80001,1841
0.60000,115.80001,1846
0.60000,115.20000,1851
0.59600,115.20000,1856
0.59600,115.20000,1861
0.59600,115.20000,1866
0.59600,115.20000,1871
0.59600,115.20000,1877
0.59600,115.20000,1882
0.59600,115.20000,1887
0.59600,115.20000,1892
0.59600,115.20000,1897
0.59600,115.20000,1902
0.59600,115.20000,1907
0.59600,115.20000,1912
0.75400,146.49998,1918
0.75400,146.49998,1923
0.75400,146.49998,1928
0.75400,146.49998,1933
0.75400,146.49998,1938
0.75400,146.49998,1943
0.75400,146.49998,1948
0.75400,146.49998,1953
0.75400,146.49998,1959
0.75400,146.49998,1964
0.75400,146.49998,1969
0.75400,146.49998,1974
0.75400,146.49998,1979
0.95400,185.19999,1984
0.95400,185.19999,1989
0.95400,185.19999,1994
0.95400,185.19999,1999
0.95400,185.19999,2005
0.95400,185.19999,2010
0.95400,185.19999,2015
0.95400,185.19999,2020
0.95400,185.19999,2025
0.95400,185.19999,2030
0.95400,185.19999,2035
0.95400,185.19999,2040
0.95400,185.19999,2046
0.95400,185.29998,2051
0.95400,185.29998,2056
0.95400,185.29998,2061
0.95400,185.29998,2066
0.95400,185.29998,2071
0.95400,185.29998,2076
0.95400,185.29998,2081
0.95400,185.29998,2087
0.95400,185.29998,2092
0.95400,185.29998,2097
0.95400,185.29998,2102
0.95400,185.29998,2107
0.95400,185.29998,2112
0.95400,185.09999,2117
0.95400,185.09999,2122
0.95400,185.09999,2127
0.95400,185.09999,2133
0.95400,185.09999,2138
0.95400,185.09999,2143
0.95400,185.09999,2148
0.95400,185.09999,2153
0.95400,185.09999,2158
0.95400,185.09999,2163
0.95400,185.09999,2168
0.95400,185.09999,2174
0.95400,185.09999,2179
0.95400,185.09999,2184
0.95400,185.09999,2189
0.95400,185.09999,2194
0.95400,185.09999,2199
0.95400,185.09999,2204
0.95400,185.09999,2209
0.95400,185.09999,2215
0.95400,185.09999,2220
0.95400,185.09999,2225
0.95400,185.09999,2230
0.95400,185.09999,2235
0.95400,185.09999,2240
0.95400,185.19999,2245
0.95400,185.19999,2250
0.95400,185.19999,2255
0.95400,185.19999,2261
0.95400,185.19999,2266
0.95400,185.19999,2271
0.95400,185.19999,2276
0.95400,185.19999,2281
0.95400,185.19999,2286
0.95400,185.19999,2291
0.95400,185.19999,2296
0.95400,185.19999,2302
0.95400,185.19999,2307
0.95400,184.19998,2312
0.95000,184.19998,2317
0.95000,184.19998,2322
0.95000,184.19998,2327
0.95000,184.19998,2332
0.95000,184.19998,2337
0.95000,184.19998,2343
0.95000,184.19998,2348
0.95000,184.19998,2353
0.95000,184.19998,2358
0.95000,184.19998,2363
0.95000,184.19998,2369
0.95000,184.19998,2374
0.95000,186.60000,2378
0.96000,186.60000,2383
0.96000,186.60000,2389
0.96000,186.60000,2394
0.96000,186.60000,2399
0.96000,186.60000,2404
0.96000,186.60000,2409
0.96000,186.60000,2414
0.96000,186.60000,2419
0.96000,186.60000,2424
0.96000,186.60000,2430
0.96000,186.60000,2435
0.96000,186.60000,2440
0.96000,164.50000,2445
0.85200,164.50000,2450
0.85200,164.50000,2455
0.85200,164.50000,2460
0.85200,164.50000,2465
0.85200,164.50000,2471
0.85200,164.50000,2476
0.85200,164.50000,2481
0.85200,164.50000,2486
0.85200,164.50000,2491
0.85200,164.50000,2496
0.85200,164.50000,2501
0.85200,164.50000,2506
0.85200,128.69999,2511
0.66800,128.69999,2517
0.66800,128.69999,2522
0.66800,128.69999,2527
0.66800,128.69999,2532
0.66800,128.69999,2537
0.66800,128.69999,2542
0.66800,128.69999,2547
0.66800,128.69999,2552
0.66800,128.69999,2558
0.66800,128.69999,2563
0.66800,128.69999,2568
0.66800,128.69999,2573
0.62200,120.20000,2578
0.62200,120.20000,2583
0.62200,120.20000,2588
0.62200,120.20000,2593
0.62200,120.20000,2599
0.62200,120.20000,2604
0.62200,120.20000,2609
0.62200,120.20000,2614
0.62200,120.20000,2619
0.62200,120.20000,2624
0.62200,120.20000,2629
0.62200,120.20000,2634
0.62200,120.20000,2639
0.64200,123.80000,2645
0.64200,123.80000,2650
0.64200,123.80000,2655
0.64200,123.80000,2660
0.64200,123.80000,2665
0.64200,123.80000,2670
0.64200,123.80000,2675
0.64200,123.80000,2680
0.64200,123.80000,2686
0.64200,123.80000,2691
0.64200,123.80000,2696
0.64200,123.80000,2701
0.64200,123.80000,2706
0.57600,111.10000,2711
0.57600,111.10000,2716
0.57600,111.10000,2721
0.57600,111.10000,2727
0.57600,111.10000,2732
0.57600,111.10000,2737
0.57600,111.10000,2742
0.57600,111.10000,2747
0.57600,111.10000,2752
0.57600,111.10000,2757
0.57600,111.10000,2762
0.57600,111.10000,2767
0.57600,111.10000,2773
0.52200,100.40000,2778
0.52200,100.40000,2783
0.52200,100.40000,2788
0.52200,100.40000,2793
0.52200,100.40000,2798
0.52200,100.40000,2803
0.52200,100.40000,2808
0.52200,100.40000,2814
0.52200,100.40000,2819
0.52200,100.40000,2824
0.52200,100.40000,2829
0.52200,100.40000,2834
0.52200,100.40000,2839
0.52200,100.40000,2844
0.52200,100.40000,2849
0.52200,100.40000,2855
0.52200,100.40000,2860
0.52200,100.40000,2865
0.52200,100.40000,2870
0.52200,100.40000,2875
0.52200,100.40000,2880
0.52200,100.40000,2885
0.52200,100.40000,2890
0.52200,100.40000,2895
0.52200,100.40000,2901
0.52200,100.40000,2906
0.52200,100.40000,2911
0.52200,100.40000,2916
0.52200,100.40000,2921
0.52200,100.40000,2926
0.52200,100.40000,2931
0.52200,100.40000,2936
0.52200,100.40000,2942
0.52200,100.40000,2947
0.52200,100.40000,2952
0.52200,100.40000,2957
0.52200,100.40000,2962
0.52200,100.40000,2967
0.52200,100.30000,2972
0.52200,100.30000,2977
0.52200,100.30000,2983
0.52200,100.30000,2988
0.52200,100.30000,2993
0.52200,100.30000,2998
0.52200,100.30000,3003
0.52200,100.30000,3008
0.52200,100.30000,3013
0.52200,100.30000,3018
0.52200,100.30000,3023
0.52200,100.30000,3029
0.52200,100.30000,3034
0.52200,100.40000,3039
0.52200,100.40000,3044
0.52200,100.40000,3049
0.52200,100.40000,3054
0.52200,100.40000,3059
0.52200,100.40000,3064
0.52200,100.40000,3070
0.52200,100.40000,3075
0.52200,100.40000,3080
0.52200,100.40000,3085
0.52200,100.40000,3090
0.52200,100.40000,3095
0.52200,100.40000,3100
0.52200,100.30000,3105
0.52200,100.30000,3111
0.52200,100.30000,3116
0.52200,100.30000,3121
0.52200,100.30000,3126
0.52200,100.30000,3131
0.52200,100.30000,3136
0.52200,100.30000,3141
0.52200,100.30000,3146
0.52200,100.30000,3151
0.52200,100.30000,3157
0.52200,100.30000,3162
0.52200,100.30000,3167
0.52200,100.40000,3172
0.52200,100.40000,3177
0.52200,100.40000,3182
0.52200,100.40000,3187
0.52200,100.40000,3192
0.52200,100.40000,3198
0.52200,100.40000,3203
0.52200,100.40000,3208
0.52200,100.40000,3213
0.52200,100.40000,3218
0.52200,100.40000,3223
0.52200,100.40000,3228
0.52200,100.40000,3233
0.52200,100.40000,3239
0.52200,100.40000,3244
0.52200,100.40000,3249
0.52200,100.40000,3254
0.52200,100.40000,3259
0.52200,100.40000,3264
0.52200,100.40000,3269
0.52200,100.40000,3274
0.52200,100.40000,3279
0.52200,100.40000,3285
0.52200,100.40000,3290
0.52200,100.40000,3295
0.52200,100.40000,3300
0.52200,100.30000,3305
0.52200,100.30000,3310
0.52200,100.30000,3315
0.52200,100.30000,3320
0.52200,100.30000,3326
0.52200,100.30000,3331
0.52200,100.30000,3336
0.52200,100.30000,3341
0.52200,100.30000,3346
0.52200,100.30000,3351
0.52200,100.30000,3356
0.52200,100.30000,3361
0.52200,100.30000,3367
0.52200,100.40000,3372
0.52200,100.40000,3377
0.52200,100.40000,3382
0.52200,100.40000,3387
0.52200,100.40000,3392
0.52200,100.40000,3397
0.52200,100.40000,3402
0.52200,100.40000,3407
0.52200,100.40000,3413
0.52200,100.40000,3418
0.52200,100.40000,3423
0.52200,100.40000,3428
0.52200,100.40000,3433
0.52200,100.30000,3438
0.52200,100.30000,3443
0.52200,100.30000,3448
0.52200,100.30000,3454
0.52200,100.30000,3459
0.52200,100.30000,3464
0.52200,100.30000,3469
0.52200,100.30000,3474
0.52200,100.30000,3479
0.52200,100.30000,3484
0.52200,100.30000,3489
0.52200,100.30000,3495
0.52200,100.40000,3500
0.52200,100.40000,3505
0.52200,100.40000,3510
0.52200,100.40000,3515
0.52200,100.40000,3520
0.52200,100.40000,3525
0.52200,100.40000,3530
0.52200,100.40000,3535
0.52200,100.40000,3541
0.52200,100.40000,3546
0.52200,100.40000,3551
0.52200,100.40000,3556
0.52200,100.40000,3561
0.52200,100.40000,3566
0.52200,100.40000,3571
0.52200,100.40000,3576
0.52200,100.40000,3582
0.52200,100.40000,3587
0.52200,100.40000,3592
0.52200,100.40000,3597
0.52200,100.40000,3602
0.52200,100.40000,3607
0.52200,100.40000,3612
0.52200,100.40000,3617
0.52200,100.40000,3623
0.52200,100.40000,3628
0.52200,100.30000,3633
0.52200,100.30000,3638
0.52200,100.30000,3643
0.52200,100.30000,3648
0.52200,100.30000,3653
0.52200,100.30000,3658
0.52200,100.30000,3663
0.52200,100.30000,3669
0.52200,100.30000,3674
0.52200,100.30000,3679
0.52200,100.30000,3684
0.52200,100.30000,3689
0.52200,100.30000,3694
0.52200,109.10000,3699
0.56400,109.10000,3704
0.56400,109.10000,3710
0.56400,109.10000,3715
0.56400,109.10000,3720
0.56400,109.10000,3725
0.56400,109.10000,3730
0.56400,109.10000,3735
0.56400,109.10000,3740
0.56400,109.10000,3745
0.56400,109.10000,3751
0.56400,109.10000,3756
0.56400,109.10000,3761
0.56400,125.80000,3766
0.65200,125.80000,3771
0.65200,125.80000,3776
0.65200,125.80000,3781
0.65200,125.80000,3786
0.65200,125.80000,3791
0.65200,125.80000,3797
0.65200,125.80000,3802
0.65200,125.80000,3807
0.65200,125.80000,3812
0.65200,125.80000,3817
0.65200,125.80000,3822
0.65200,125.80000,3827
0.65200,119.60000,3832
0.62000,119.60000,3838
0.62000,119.60000,3843
0.62000,119.60000,3848
0.62000,119.60000,3853
0.62000,119.60000,3858
0.62000,119.60000,3863
0.62000,119.60000,3868
0.62000,119.60000,3873
0.62000,119.60000,3879
0.62000,119.60000,3884
0.62000,119.60000,3889
0.62000,119.60000,3894
0.62000,119.70000,3899
0.62000,119.70000,3904
0.62000,119.70000,3909
0.62000,119.70000,3914
0.62000,119.70000,3919
0.62000,119.70000,3924
0.62000,119.70000,3929
0.62000,119.70000,3934
0.62000,119.70000,3939
0.62000,119.70000,3944
0.62000,119.70000,3949
0.62000,119.70000,3954
0.62000,119.70000,3959
0.62000,119.80000,3965
0.62000,119.80000,3970
0.62000,119.80000,3975
0.62000,119.80000,3980
0.62000,119.80000,3985
0.62000,119.80000,3990
0.62000,119.80000,3995
0.62000,119.80000,4000
0.62000,119.80000,4006
0.62000,119.80000,4011
0.62000,119.80000,4016
0.62000,119.80000,4021
0.62000,119.80000,4026
0.62200,119.90000,4031
0.62200,119.90000,4036
0.62200,119.90000,4041
0.62200,119.90000,4046
0.62200,119.90000,4052
0.62200,119.90000,4057
0.62200,119.90000,4062
0.62200,119.90000,4067
0.62200,119.90000,4072
0.62200,119.90000,4077
0.62200,119.90000,4082
0.62200,119.90000,4087
0.62200,119.90000,4093
0.62200,119.90000,4098
0.62200,119.90000,4103
0.62200,119.90000,4108
0.62200,119.90000,4113
0.62200,119.90000,4118
0.62200,119.90000,4123
0.62200,119.90000,4128
0.62200,119.90000,4134
0.62200,119.90000,4139
0.62200,119.90000,4144
0.62200,119.90000,4149
0.62200,119.90000,4154
0.62200,119.90000,4159
0.58400,112.40000,4164
0.58400,112.40000,4169
0.58400,112.40000,4174
0.58400,112.40000,4180
0.58400,112.40000,4185
0.58400,112.40000,4190
0.58400,112.40000,4195
0.58400,112.40000,4200
0.58400,112.40000,4205
0.58400,112.40000,4210
0.58400,112.40000,4215
0.58400,112.40000,4221
0.58400,112.40000,4226
0.60200,116.20000,4231
0.60200,116.20000,4236
0.60200,116.20000,4241
0.60200,116.20000,4246
0.60200,116.20000,4251
0.60200,116.20000,4256
0.60200,116.20000,4262
0.60200,116.20000,4267
0.60200,116.20000,4272
0.60200,116.20000,4277
0.60200,116.20000,4282
0.60200,116.20000,4287
0.60200,106.70000,4292
0.55400,106.70000,4297
0.55400,106.70000,4302
0.55400,106.70000,4308
0.55400,106.70000,4313
0.55400,106.70000,4318
0.55400,106.70000,4323
0.55400,106.70000,4328
0.55400,106.70000,4333
0.55400,106.70000,4338
0.55400,106.70000,4343
0.55400,106.70000,4349
0.55400,106.70000,4354
0.55400,172.50000,4359
0.88800,172.50000,4364
0.88800,172.50000,4369
0.88800,172.50000,4374
0.88800,172.50000,4379
0.88800,172.50000,4384
0.88800,172.50000,4388
0.88800,172.50000,4394
0.88800,172.50000,4399
0.88800,172.50000,4404
0.88800,172.50000,4409
0.88800,172.50000,4414
0.88800,172.50000,4419
0.88800,178.19999,4424
0.91800,178.19999,4429
0.91800,178.19999,4435
0.91800,178.19999,4440
0.91800,178.19999,4445
0.91800,178.19999,4450
0.91800,178.19999,4455
0.91800,178.19999,4460
0.91800,178.19999,4465
0.91800,178.19999,4470
0.91800,178.19999,4476
0.91800,178.19999,4481
0.91800,178.19999,4486
0.91800,170.90000,4491
0.88200,170.90000,4496
0.88200,170.90000,4501
0.88200,170.90000,4506
0.88200,170.90000,4511
0.88200,170.90000,4516
0.88200,170.90000,4522
0.88200,170.90000,4527
0.88200,170.90000,4532
0.88200,170.90000,4537
0.88200,170.90000,4542
0.88200,170.90000,4547
0.88200,170.90000,4552
0.88200,207.89999,4557
1.07200,207.89999,4563
1.07200,207.89999,4568
1.07200,207.89999,4573
1.07200,207.89999,4578
1.07200,207.89999,4583
1.07200,207.89999,4588
1.07200,207.89999,4593
1.07200,207.89999,4598
1.07200,207.89999,4604
1.07200,207.89999,4609
1.07200,207.89999,4614
1.07200,207.89999,4619
1.07200,170.50000,4624
0.87800,170.50000,4629
0.87800,170.50000,4634
0.87800,170.50000,4639
0.87800,170.50000,4644
0.87800,170.50000,4650
0.87800,170.50000,4655
0.87800,170.50000,4660
0.87800,170.50000,4665
0.87800,170.50000,4670
0.87800,170.50000,4675
0.87800,170.50000,4680
0.87800,170.50000,4685
0.87800,171.19999,4691
0.88200,171.19999,4696
0.88200,171.19999,4701
0.88200,171.19999,4706
0.88200,171.19999,4711
0.88200,171.19999,4716
0.88200,171.19999,4721
0.88200,171.19999,4726
0.88200,171.19999,4732
0.88200,171.19999,4737
0.88200,171.19999,4742
0.88200,171.19999,4747
0.88200,171.19999,4752
1.06200,206.10000,4757
1.06200,206.10000,4762
1.06200,206.10000,4767
1.06200,206.10000,4772
1.06200,206.10000,4778
1.06200,206.10000,4783
1.06200,206.10000,4788
1.06200,206.10000,4793
1.06200,206.10000,4798
1.06200,206.10000,4803
1.06200,206.10000,4808
1.06200,206.10000,4813
1.06200,206.10000,4819
1.03600,201.60000,4824
1.03600,201.60000,4829
1.03600,201.60000,4834
1.03600,201.60000,4839
1.03600,201.60000,4844
1.03600,201.60000,4849
1.03600,201.60000,4854
1.03600,201.60000,4860
1.03600,201.60000,4865
1.03600,201.60000,4870
1.03600,201.60000,4875
1.03600,201.60000,4880
1.03600,201.60000,4885
1.00200,194.69998,4890
1.00200,194.69998,4895
1.00200,194.69998,4900
1.00200,194.69998,4906
1.00200,194.69998,4911
1.00200,194.69998,4916
1.00200,194.69998,4921
1.00200,194.69998,4926
1.00200,194.69998,4931
1.00200,194.69998,4936
1.00200,194.69998,4941
1.00200,194.69998,4947
1.00200,194.69998,4952
0.95400,185.39999,4957
0.95400,185.39999,4962
0.95400,185.39999,4967
0.95400,185.39999,4972
0.95400,185.39999,4977
0.95400,185.39999,4982
0.95400,185.39999,4988
0.95400,185.39999,4993
0.95400,185.39999,4998
0.95400,185.39999,5003
0.95400,185.39999,5008
0.95400,185.39999,5013
0.95400,187.60000,5018
0.96600,187.60000,5023
0.96600,187.60000,5028
0.96600,187.60000,5034
0.96600,187.60000,5039
0.96600,187.60000,5044
0.96600,187.60000,5049
0.96600,187.60000,5054
0.96600,187.60000,5059
0.96600,187.60000,5064
0.96600,187.60000,5069
0.96600,187.60000,5075
0.96600,187.60000,5080
0.96600,197.30000,5085
1.01200,197.30000,5090
1.01200,197.30000,5095
1.01200,197.30000,5100
1.01200,197.30000,5105
1.01200,197.30000,5110
1.01200,197.30000,5116
1.01200,197.30000,5121
1.01200,197.30000,5126
1.01200,197.30000,5131
1.01200,197.30000,5136
1.01200,197.30000,5141
1.01200,197.30000,5146
1.01200,232.79998,5151
1.19600,232.79998,5156
1.19600,232.79998,5162
1.19600,232.79998,5167
1.19600,232.79998,5172
1.19600,232.79998,5177
1.19600,232.79998,5182
1.19600,232.79998,5187
1.19600,232.79998,5192
1.19600,232.79998,5197
1.19600,232.79998,5203
1.19600,232.79998,5208
1.19600,232.79998,5213
1.19600,234.10000,5218
1.20000,234.10000,5223
1.20000,234.10000,5228
1.20000,234.10000,5233
1.20000,234.10000,5238
1.20000,234.10000,5244
1.20000,234.10000,5249
1.20000,234.10000,5254
1.20000,234.10000,5259
1.20000,234.10000,5264
1.20000,234.10000,5269
1.20000,234.10000,5274
1.20000,234.10000,5279
1.20000,235.50000,5284
1.21000,235.50000,5290
1.21000,235.50000,5295
1.21000,235.50000,5300
1.21000,235.50000,5305
1.21000,235.50000,5310
1.21000,235.50000,5315
1.21000,235.50000,5320
1.21000,235.50000,5325
1.21000,235.50000,5331
1.21000,235.50000,5336
1.21000,235.50000,5341
1.21000,235.50000,5346
1.21000,234.80000,5351
1.20200,234.80000,5356
1.20200,234.80000,5361
1.20200,234.80000,5366
1.20200,234.80000,5372
1.20200,234.80000,5377
1.20200,234.80000,5382
1.20200,234.80000,5387
1.20200,234.80000,5392
1.20200,234.80000,5397
1.20200,234.80000,5402
1.20200,234.80000,5407
1.20200,234.80000,5412
1.20200,233.59999,5418
1.20000,233.59999,5423
1.20000,233.59999,5428
1.20000,233.59999,5433
1.20000,233.59999,5438
1.20000,233.59999,5443
1.20000,233.59999,5448
1.20000,233.59999,5453
1.20000,233.59999,5459
1.20000,233.59999,5464
1.20000,233.59999,5469
1.20000,233.59999,5474
1.20000,233.59999,5479
1.20000,234.00000,5484
1.20000,234.00000,5489
1.20000,234.00000,5493
1.20000,234.00000,5499
1.20000,234.00000,5504
1.20000,234.00000,5509
1.20000,234.00000,5514
1.20000,234.00000,5519
1.20000,234.00000,5524
1.20000,234.00000,5529
1.20000,234.00000,5534
1.20000,234.00000,5539
1.20000,234.00000,5545
1.20000,233.79998,5550
1.20000,233.79998,5555
1.20000,233.79998,5560
1.20000,233.79998,5565
1.20000,233.79998,5570
1.20000,233.79998,5575
1.20000,233.79998,5580
1.20000,233.79998,5586
1.20000,233.79998,5591
1.20000,233.79998,5596
1.20000,233.79998,5601
1.20000,233.79998,5606
1.20000,233.79998,5611
1.41600,276.29998,5616
1.41600,276.29998,5621
1.41600,276.29998,5627
1.41600,276.29998,5632
1.41600,276.29998,5637
1.41600,276.29998,5642
1.41600,276.29998,5647
1.41600,276.29998,5652
1.41600,276.29998,5657
1.41600,276.29998,5662
1.41600,276.29998,5667
1.41600,276.29998,5673
1.41600,276.29998,5678
1.26200,246.39999,5683
1.26200,246.39999,5688
1.26200,246.39999,5693
1.26200,246.39999,5698
1.26200,246.39999,5703
1.26200,246.39999,5708
1.26200,246.39999,5714
1.26200,246.39999,5719
1.26200,246.39999,5724
1.26200,246.39999,5729
1.26200,246.39999,5734
1.26200,246.39999,5739
1.26200,246.39999,5744
1.19000,232.09999,5749
1.19000,232.09999,5755
1.19000,232.09999,5760
1.19000,232.09999,5765
1.19000,232.09999,5770
1.19000,232.09999,5775
1.19000,232.09999,5780
1.19000,232.09999,5785
1.19000,232.09999,5790
1.19000,232.09999,5795
1.19000,232.09999,5801
1.19000,232.09999,5806
1.19000,230.99998,5811
1.18600,230.99998,5816
1.18600,230.99998,5821
1.18600,230.99998,5826
1.18600,230.99998,5831
1.18600,230.99998,5836
1.18600,230.99998,5842
1.18600,230.99998,5847
1.18600,230.99998,5852
1.18600,230.99998,5857
1.18600,230.99998,5862
1.18600,230.99998,5867
1.18600,230.99998,5872
1.18600,231.19999,5877
1.18600,231.19999,5883
1.18600,231.19999,5888
1.18600,231.19999,5893
1.18600,231.19999,5898
1.18600,231.19999,5903
1.18600,231.19999,5908
1.18600,231.19999,5913
1.18600,231.19999,5918
1.18600,231.19999,5923
1.18600,231.19999,5929
1.18600,231.19999,5934
1.18600,231.19999,5939
1.18600,217.50000,5944
1.11000,217.50000,5949
1.11000,217.50000,5954
1.11000,217.50000,5959
1.11000,217.50000,5964
1.11000,217.50000,5970
1.11000,217.50000,5975
1.11000,217.50000,5980
1.11000,217.50000,5985
1.11000,217.50000,5990
1.11000,217.50000,5995
1.11000,217.50000,6000
1.11000,217.50000,6005
1.11000,283.99996,6011
1.45200,283.99996,6016
1.45200,283.99996,6021
1.45200,283.99996,6026
1.45200,283.99996,6031
1.45200,283.99996,6036
1.45200,283.99996,6041
1.45200,283.99996,6046
1.45200,283.99996,6051
1.45200,283.99996,6057
1.45200,283.99996,6062
1.45200,283.99996,6067
1.45200,283.99996,6072
1.45200,254.30000,6077
1.29800,254.30000,6082
1.29800,254.30000,6087
1.29800,254.30000,6092
1.29800,254.30000,6098
1.29800,254.30000,6103
1.29800,254.30000,6108
1.29800,254.30000,6113
1.29800,254.30000,6118
1.29800,254.30000,6123
1.29800,254.30000,6128
1.29800,254.30000,6133
1.29800,254.30000,6139
1.29800,267.39999,6144
1.36600,267.39999,6149
1.36600,267.39999,6154
1.36600,267.39999,6159
1.36600,267.39999,6164
1.36600,267.39999,6169
1.36600,267.39999,6174
1.36600,267.39999,6179
1.36600,267.39999,6185
1.36600,267.39999,6190
1.36600,267.39999,6195
1.36600,267.39999,6200
1.36600,267.39999,6205
1.49800,292.69998,6210
1.49800,292.69998,6215
1.49800,292.69998,6220
1.49800,292.69998,6226
1.49800,292.69998,6231
1.49800,292.69998,6236
1.49800,292.69998,6241
1.49800,292.69998,6246
1.49800,292.69998,6251
1.49800,292.69998,6256
1.49800,292.69998,6261
1.49800,292.69998,6267
1.49800,292.69998,6272
1.27200,247.49998,6277
1.27200,247.49998,6282
1.27200,247.49998,6287
1.27200,247.49998,6292
1.27200,247.49998,6297
1.27200,247.49998,6302
1.27200,247.49998,6307
1.27200,247.49998,6313
1.27200,247.49998,6318
1.27200,247.49998,6323
1.27200,247.49998,6328
1.27200,247.49998,6333
1.27200,247.49998,6338
1.13400,220.59999,6344
1.13400,220.59999,6349
1.13400,220.59999,6355
1.13400,220.59999,6360
1.13400,220.59999,6365
1.13400,220.59999,6370
1.13400,220.59999,6375
1.13400,220.59999,6380
1.13400,220.59999,6385
1.13400,220.59999,6390
1.13400,220.59999,6396
1.13400,220.59999,6401
1.13400,220.69999,6406
1.13400,220.69999,6411
1.13400,220.69999,6416
1.13400,220.69999,6421
1.13400,220.69999,6426
1.13400,220.69999,6431
1.13400,220.69999,6436
1.13400,220.69999,6442
1.13400,220.69999,6447
1.13400,220.69999,6452
1.13400,220.69999,6457
1.13400,220.69999,6462
1.13400,220.69999,6467
1.13400,232.79998,6472
1.18600,232.79998,6477
1.18600,232.79998,6483
1.18600,232.79998,6488
1.18600,232.79998,6493
1.18600,232.79998,6498
1.18600,232.79998,6503
1.18600,232.79998,6508
1.18600,232.79998,6513
1.18600,232.79998,6518
1.18600,232.79998,6524
1.18600,232.79998,6529
1.18600,232.79998,6534
1.18600,289.59997,6539
1.47800,289.59997,6544
1.47800,289.59997,6549
1.47800,289.59997,6554
1.47800,289.59997,6559
1.47800,289.59997,6564
1.47800,289.59997,6570
1.47800,289.59997,6575
1.47800,289.59997,6580
1.47800,289.59997,6585
1.47800,289.59997,6590
1.47800,289.59997,6595
1.47800,289.59997,6600
1.47800,254.50000,6605
1.30800,254.50000,6611
1.30800,254.50000,6616
1.30800,254.50000,6621
1.30800,254.50000,6626
1.30800,254.50000,6631
1.30800,254.50000,6636
1.30800,254.50000,6641
1.30800,254.50000,6646
1.30800,254.50000,6652
1.30800,254.50000,6657
1.30800,254.50000,6662
1.30800,254.50000,6667
1.30800,292.29998,6672
1.48400,292.29998,6677
1.48400,292.29998,6682
1.48400,292.29998,6687
1.48400,292.29998,6692
1.48400,292.29998,6698
1.48400,292.29998,6703
1.48400,292.29998,6708
1.48400,292.29998,6713
1.48400,292.29998,6718
1.48400,292.29998,6723
1.48400,292.29998,6728
1.48400,292.29998,6733
1.66400,327.09997,6739
1.66400,327.09997,6744
1.66400,327.09997,6749
1.66400,327.09997,6754
1.66400,327.09997,6759
1.66400,327.09997,6764
1.66400,327.09997,6769
1.66400,327.09997,6774
1.66400,327.09997,6780
1.66400,327.09997,6785
1.66400,327.09997,6790
1.66400,327.09997,6795
1.66400,327.09997,6800
1.50000,293.89999,6805
1.50000,293.89999,6810
1.50000,293.89999,6815
1.50000,293.89999,6820
1.50000,293.89999,6826
1.50000,293.89999,6831
1.50000,293.89999,6836
1.50000,293.89999,6841
1.50000,293.89999,6846
1.50000,293.89999,6851
1.50000,293.89999,6856
1.50000,293.89999,6861
1.50000,293.89999,6867
1.53000,299.89999,6872
1.53000,299.89999,6877
1.53000,299.89999,6882
1.53000,299.89999,6887
1.53000,299.89999,6892
1.53000,299.89999,6897
1.53000,299.89999,6902
1.53000,299.89999,6908
1.53000,299.89999,6913
1.53000,299.89999,6918
1.53000,299.89999,6923
1.53000,299.89999,6928
1.53000,308.00000,6933
1.56600,308.00000,6938
1.56600,308.00000,6943
1.56600,308.00000,6948
1.56600,308.00000,6954
1.56600,308.00000,6959
1.56600,308.00000,6964
1.56600,308.00000,6969
1.56600,308.00000,6974
1.56600,308.00000,6979
1.56600,308.00000,6984
1.56600,308.00000,6989
1.56600,308.00000,6994
1.56600,308.00000,6999
1.76200,346.00000,7004
1.76200,346.00000,7009
1.76200,346.00000,7014
1.76200,346.00000,7019
1.76200,346.00000,7024
1.76200,346.00000,7029
1.76200,346.00000,7035
1.76200,346.00000,7040
1.76200,346.00000,7045
1.76200,346.00000,7050
1.76200,346.00000,7055
1.76200,346.00000,7060
1.76200,346.00000,7065
1.83200,360.60000,7070
1.83200,360.60000,7075
1.83200,360.60000,7081
1.83200,360.60000,7086
1.83200,360.60000,7091
1.83200,360.60000,7096
1.83200,360.60000,7101
1.83200,360.60000,7106
1.83200,360.60000,7111
1.83200,360.60000,7116
1.83200,360.60000,7122
1.83200,360.60000,7127
1.83200,374.10000,7132
1.89400,374.10000,7137
1.89400,374.10000,7142
1.89400,374.10000,7147
1.89400,374.10000,7152
1.89400,374.10000,7157
1.89400,374.10000,7163
1.89400,374.10000,7168
1.89400,374.10000,7173
1.89400,374.10000,7178
1.89400,374.10000,7183
1.89400,374.10000,7188
1.89400,374.10000,7193
1.89400,377.19998,7198
1.91400,377.19998,7203
1.91400,377.19998,7209
1.91400,377.19998,7214
1.91400,377.19998,7219
1.91400,377.19998,7224
1.91400,377.19998,7229
1.91400,377.19998,7234
1.91400,377.19998,7239
1.91400,377.19998,7244
1.91400,377.19998,7250
1.91400,377.19998,7255
1.91400,377.19998,7260
1.91400,379.70001,7265
1.92400,379.70001,7270
1.92400,379.70001,7275
1.92400,379.70001,7280
1.92400,379.70001,7285
1.92400,379.70001,7291
1.92400,379.70001,7296
1.92400,379.70001,7301
1.92400,379.70001,7306
1.92400,379.70001,7311
1.92400,379.70001,7316
1.92400,379.70001,7321
1.92400,379.70001,7326
1.92400,364.50000,7331
1.84400,364.50000,7337
1.84400,364.50000,7342
1.84400,364.50000,7347
1.84400,364.50000,7352
1.84400,364.50000,7357
1.84400,364.50000,7362
1.84400,364.50000,7367
1.84400,364.50000,7372
1.84400,364.50000,7378
1.84400,364.50000,7383
1.84400,364.50000,7388
1.84400,364.50000,7393
1.84400,367.79998,7398
1.87800,367.79998,7403
1.87800,367.79998,7408
1.87800,367.79998,7413
1.87800,367.79998,7419
1.87800,367.79998,7424
1.87800,367.79998,7429
1.87800,367.79998,7434
1.87800,367.79998,7439
1.87800,367.79998,7444
1.87800,367.79998,7449
1.87800,367.79998,7454
1.87800,367.79998,7459
1.87800,321.70001,7465
1.63200,321.70001,7470
1.63200,321.70001,7475
1.63200,321.70001,7480
1.63200,321.70001,7485
1.63200,321.70001,7490
1.63200,321.70001,7495
1.63200,321.70001,7500
1.63200,321.70001,7506
1.63200,321.70001,7511
1.63200,321.70001,7516
1.63200,321.70001,7521
1.63200,321.70001,7526
1.61800,318.79998,7531
1.61800,318.79998,7536
1.61800,318.79998,7541
1.61800,318.79998,7547
1.61800,318.79998,7552
1.61800,318.79998,7557
1.61800,318.79998,7562
1.61800,318.79998,7567
1.61800,318.79998,7572
1.61800,318.79998,7577
1.61800,318.79998,7582
1.61800,318.79998,7587
1.61800,318.79998,7593
1.74400,341.49996,7598
1.74400,341.49996,7603
1.74400,341.49996,7608
1.74400,341.49996,7613
1.74400,341.49996,7618
1.74400,341.49996,7623
1.74400,341.49996,7628
1.74400,341.49996,7634
1.74400,341.49996,7639
1.74400,341.49996,7644
1.74400,341.49996,7649
1.74400,341.49996,7654
1.74400,341.49996,7659
1.61800,319.39999,7664
1.61800,319.39999,7669
1.61800,319.39999,7675
1.61800,319.39999,7680
1.61800,319.39999,7685
1.61800,319.39999,7690
1.61800,319.39999,7695
1.61800,319.39999,7700
1.61800,319.39999,7705
1.61800,319.39999,7710
1.61800,319.39999,7715
1.61800,319.39999,7721
1.61800,367.60000,7726
1.86400,367.60000,7731
1.86400,367.60000,7736
1.86400,367.60000,7741
1.86400,367.60000,7746
1.86400,367.60000,7751
1.86400,367.60000,7756
1.86400,367.60000,7762
1.86400,367.60000,7767
1.86400,367.60000,7772
1.86400,367.60000,7777
1.86400,367.60000,7782
1.86400,367.60000,7787
1.86400,373.59997,7792
1.90400,373.59997,7797
1.90400,373.59997,7803
1.90400,373.59997,7808
1.90400,373.59997,7813
1.90400,373.59997,7818
1.90400,373.59997,7823
1.90400,373.59997,7828
1.90400,373.59997,7833
1.90400,373.59997,7838
1.90400,373.59997,7843
1.90400,373.59997,7849
1.90400,373.59997,7854
1.90400,401.29998,7859
2.04400,401.29998,7864
2.04400,401.29998,7869
2.04400,401.29998,7874
2.04400,401.29998,7880
2.04400,401.29998,7885
2.04400,401.29998,7891
2.04400,401.29998,7896
2.04400,401.29998,7901
2.04400,401.29998,7906
2.04400,401.29998,7911
2.04400,401.29998,7916
2.04400,401.29998,7921
2.04400,341.39999,7926
1.74600,341.39999,7932
1.74600,341.39999,7937
1.74600,341.39999,7942
1.74600,341.39999,7947
1.74600,341.39999,7952
1.74600,341.39999,7957
1.74600,341.39999,7962
1.74600,341.39999,7967
1.74600,341.39999,7972
1.74600,341.39999,7978
1.74600,341.39999,7983
1.74600,341.39999,7988
1.74600,292.00000,7993
1.49000,292.00000,7998
1.49000,292.00000,8003
1.49000,292.00000,8008
1.49000,292.00000,8013
1.49000,292.00000,8018
1.49000,292.00000,8023
1.49000,292.00000,8028
1.49000,292.00000,8033
1.49000,292.00000,8038
1.49000,292.00000,8043
1.49000,292.00000,8048
1.49000,292.00000,8053
1.49000,301.00000,8059
1.53600,301.00000,8064
1.53600,301.00000,8069
1.53600,301.00000,8074
1.53600,301.00000,8079
1.53600,301.00000,8084
1.53600,301.00000,8089
1.53600,301.00000,8094
1.53600,301.00000,8099
1.53600,301.00000,8105
1.53600,301.00000,8110
1.53600,301.00000,8115
1.53600,301.00000,8119
1.53600,303.20001,8125
1.54600,303.20001,8130
1.54600,303.20001,8135
1.54600,303.20001,8140
1.54600,303.20001,8146
1.54600,303.20001,8151
1.54600,303.20001,8156
1.54600,303.20001,8161
1.54600,303.20001,8166
1.54600,303.20001,8171
1.54600,303.20001,8176
1.54600,303.20001,8181
1.54600,303.20001,8187
1.58000,309.39999,8192
1.58000,309.39999,8197
1.58000,309.39999,8202
1.58000,309.39999,8207
1.58000,309.39999,8212
1.58000,309.39999,8217
1.58000,309.39999,8222
1.58000,309.39999,8227
1.58000,309.39999,8233
1.58000,309.39999,8238
1.58000,309.39999,8243
1.58000,309.39999,8248
1.58000,309.39999,8253
1.49400,292.39999,8258
1.49400,292.39999,8263
1.49400,292.39999,8268
1.49400,292.39999,8274
1.49400,292.39999,8279
1.49400,292.39999,8284
1.49400,292.39999,8289
1.49400,292.39999,8294
1.49400,292.39999,8299
1.49400,292.39999,8304
1.49400,292.39999,8309
1.49400,292.39999,8315
1.49400,292.39999,8320
1.49800,293.19998,8325
1.49800,293.19998,8330
1.49800,293.19998,8335
1.49800,293.19998,8340
1.49800,293.19998,8345
1.49800,293.19998,8350
1.49800,293.19998,8355
1.49800,293.19998,8361
1.49800,293.19998,8366
1.49800,293.19998,8371
1.49800,293.19998,8376
1.49800,293.19998,8381
1.49800,242.49998,8386
1.24200,242.49998,8391
1.24200,242.49998,8396
1.24200,242.49998,8402
1.24200,242.49998,8407
1.24200,242.49998,8412
1.24200,242.49998,8417
1.24200,242.49998,8422
1.24200,242.49998,8427
1.24200,242.49998,8432
1.24200,242.49998,8437
1.24200,242.49998,8443
1.24200,242.49998,8448
1.24200,240.39999,8453
1.23200,240.39999,8458
1.23200,240.39999,8463
1.23200,240.39999,8468
1.23200,240.39999,8473
1.23200,240.39999,8478
1.23200,240.39999,8483
1.23200,240.39999,8489
1.23200,240.39999,8494
1.23200,240.39999,8499
1.23200,240.39999,8504
1.23200,240.39999,8509
1.23200,240.39999,8514
1.23200,256.50000,8519
1.31000,256.50000,8524
1.31000,256.50000,8530
1.31000,256.50000,8535
1.31000,256.50000,8540
1.31000,256.50000,8545
1.31000,256.50000,8550
1.31000,256.50000,8555
1.31000,256.50000,8560
1.31000,256.50000,8565
1.31000,256.50000,8571
1.31000,256.50000,8576
1.31000,256.50000,8581
1.31000,342.59997,8586
1.74000,342.59997,8591
1.74000,342.59997,8596
1.74000,342.59997,8601
1.74000,342.59997,8606
1.74000,342.59997,8611
1.74000,342.59997,8617
1.74000,342.59997,8622
1.74000,342.59997,8627
1.74000,342.59997,8632
1.74000,342.59997,8637
1.74000,342.59997,8642
1.74000,342.59997,8647
1.74000,336.09997,8652
1.71400,336.09997,8658
1.71400,336.09997,8663
1.71400,336.09997,8668
1.71400,336.09997,8673
1.71400,336.09997,8678
1.71400,336.09997,8683
1.71400,336.09997,8688
1.71400,336.09997,8693
1.71400,336.09997,8699
1.71400,336.09997,8704
1.71400,336.09997,8709
1.71400,336.09997,8714
1.71400,329.89999,8719
1.68800,329.89999,8724
1.68800,329.89999,8729
1.68800,329.89999,8734
1.68800,329.89999,8739
1.68800,329.89999,8745
1.68800,329.89999,8750
1.68800,329.89999,8755
1.68800,329.89999,8760
1.68800,329.89999,8765
1.68800,329.89999,8770
1.68800,329.89999,8775
1.68800,329.89999,8780
1.39000,271.39999,8786
1.39000,271.39999,8791
1.39000,271.39999,8796
1.39000,271.39999,8801
1.39000,271.39999,8806
1.39000,271.39999,8811
1.39000,271.39999,8816
1.39000,271.39999,8821
1.39000,271.39999,8827
1.39000,271.39999,8832
1.39000,271.39999,8837
1.39000,271.39999,8842
1.39000,271.39999,8847
1.38600,271.00000,8852
1.38600,271.00000,8857
1.38600,271.00000,8862
1.38600,271.00000,8867
1.38600,271.00000,8873
1.38600,271.00000,8878
1.38600,271.00000,8883
1.38600,271.00000,8888
1.38600,271.00000,8893
1.38600,271.00000,8898
1.38600,271.00000,8903
1.38600,271.00000,8908
1.38600,271.00000,8914
1.38000,269.50000,8919
1.38000,269.50000,8924
1.38000,269.50000,8929
1.38000,269.50000,8933
1.38000,269.50000,8938
1.38000,269.50000,8943
1.38000,269.50000,8948
1.38000,269.50000,8953
1.38000,269.50000,8959
1.38000,269.50000,8964
1.38000,269.50000,8969
1.38000,269.50000,8974
1.38000,269.50000,8979
1.39000,271.79998,8984
1.39000,271.79998,8989
1.39000,271.79998,8994
1.39000,271.79998,9000
1.39000,271.79998,9005
1.39000,271.79998,9010
1.39000,271.79998,9015
1.39000,271.79998,9020
1.39000,271.79998,9025
1.39000,271.79998,9030
1.39000,271.79998,9035
1.39000,271.79998,9041
1.39000,271.79998,9046
1.40000,274.19998,9051
1.40000,274.19998,9056
1.40000,274.19998,9061
1.40000,274.19998,9066
1.40000,274.19998,9071
1.40000,274.19998,9076
1.40000,274.19998,9081
1.40000,274.19998,9087
1.40000,274.19998,9092
1.40000,274.19998,9097
1.40000,274.19998,9102
1.40000,274.19998,9107
1.40000,310.39999,9112
1.58600,310.39999,9117
1.58600,310.39999,9122
1.58600,310.39999,9128
1.58600,310.39999,9133
1.58600,310.39999,9138
1.58600,310.39999,9143
1.58600,310.39999,9148
1.58600,310.39999,9153
1.58600,310.39999,9158
1.58600,310.39999,9163
1.58600,310.39999,9169
1.58600,310.39999,9174
1.58600,315.09997,9179
1.60800,315.09997,9184
1.60800,315.09997,9189
1.60800,315.09997,9194
1.60800,315.09997,9199
1.60800,315.09997,9204
1.60800,315.09997,9209
1.60800,315.09997,9215
1.60800,315.09997,9220
1.60800,315.09997,9225
1.60800,315.09997,9230
1.60800,315.09997,9235
1.60800,315.09997,9240
1.60800,387.69998,9245
1.95600,387.69998,9251
1.95600,387.69998,9257
1.95600,387.69998,9262
1.95600,387.69998,9267
1.95600,387.69998,9272
1.95600,387.69998,9277
1.95600,387.69998,9282
1.95600,387.69998,9287
1.95600,387.69998,9292
1.95600,387.69998,9298
1.95600,387.69998,9303
1.95600,387.69998,9308
1.95600,342.39999,9313
1.75000,342.39999,9318
1.75000,342.39999,9323
1.75000,342.39999,9328
1.75000,342.39999,9333
1.75000,342.39999,9339
1.75000,342.39999,9344
1.75000,342.39999,9349
1.75000,342.39999,9354
1.75000,342.39999,9359
1.75000,342.39999,9364
1.75000,342.39999,9369
1.75000,342.39999,9374
1.75000,328.70001,9379
1.66400,328.70001,9385
1.66400,328.70001,9390
1.66400,328.70001,9395
1.66400,328.70001,9400
1.66400,328.70001,9405
1.66400,328.70001,9410
1.66400,328.70001,9415
1.66400,328.70001,9420
1.66400,328.70001,9426
1.66400,328.70001,9431
1.66400,328.70001,9436
1.66400,328.70001,9441
1.66800,328.89999,9446
1.66800,328.89999,9451
1.66800,328.89999,9456
1.66800,328.89999,9461
1.66800,328.89999,9467
1.66800,328.89999,9472
1.66800,328.89999,9477
1.66800,328.89999,9482
1.66800,328.89999,9487
1.66800,328.89999,9492
1.66800,328.89999,9497
1.66800,328.89999,9502
1.66800,328.89999,9507
1.65800,324.89999,9513
1.65800,324.89999,9518
1.65800,324.89999,9523
1.65800,324.89999,9528
1.65800,324.89999,9533
1.65800,324.89999,9538
1.65800,324.89999,9543
1.65800,324.89999,9548
1.65800,324.89999,9554
1.65800,324.89999,9559
1.65800,324.89999,9564
1.65800,324.89999,9569
1.65800,324.89999,9574
1.57200,307.79998,9579
1.57200,307.79998,9584
1.57200,307.79998,9589
1.57200,307.79998,9595
1.57200,307.79998,9600
1.57200,307.79998,9605
1.57200,307.79998,9610
1.57200,307.79998,9615
1.57200,307.79998,9620
1.57200,307.79998,9625
1.57200,307.79998,9630
1.57200,307.79998,9635
1.57200,329.00000,9641
1.67200,329.00000,9646
1.67200,329.00000,9651
1.67200,329.00000,9656
1.67200,329.00000,9661
1.67200,329.00000,9666
1.67200,329.00000,9671
1.67200,329.00000,9676
1.67200,329.00000,9682
1.67200,329.00000,9687
1.67200,329.00000,9692
1.67200,329.00000,9697
1.67200,329.00000,9702
1.67200,329.00000,9707
1.77200,350.00000,9712
1.77200,350.00000,9716
1.77200,350.00000,9721
1.77200,350.00000,9727
1.77200,350.00000,9732
1.77200,350.00000,9737
1.77200,350.00000,9742
1.77200,350.00000,9747
1.77200,350.00000,9752
1.77200,350.00000,9757
1.77200,350.00000,9762
1.77200,350.00000,9768
1.77200,350.00000,9773
1.73000,339.89999,9778
1.73000,339.89999,9783
1.73000,339.89999,9788
1.73000,339.89999,9793
1.73000,339.89999,9798
1.73000,339.89999,9803
1.73000,339.89999,9809
1.73000,339.89999,9814
1.73000,339.89999,9819
1.73000,339.89999,9824
1.73000,339.89999,9829
1.73000,339.89999,9834
1.73000,397.79998,9839
2.01600,397.79998,9844
2.01600,397.79998,9849
2.01600,397.79998,9855
2.01600,397.79998,9860
2.01600,397.79998,9865
2.01600,397.79998,9870
2.01600,397.79998,9875
2.01600,397.79998,9880
2.01600,397.79998,9885
2.01600,397.79998,9890
2.01600,397.79998,9896
2.01600,397.79998,9901
2.01600,405.20001,9906
2.04800,405.20001,9911
2.04800,405.20001,9916
2.04800,405.20001,9921
2.04800,405.20001,9926
2.04800,405.20001,9931
2.04800,405.20001,9937
2.04800,405.20001,9942
2.04800,405.20001,9947
2.04800,405.20001,9952
2.04800,405.20001,9957
2.04800,405.20001,9962
2.04800,405.20001,9967
2.04800,427.69998,9972
2.15600,427.69998,9977
2.15600,427.69998,9983
2.15600,427.69998,9988
2.15600,427.69998,9993
2.15600,427.69998,9998
2.15600,427.69998,10003
2.15600,427.69998,10009
2.15600,427.69998,10014
2.15600,427.69998,10019
2.15600,427.69998,10025
2.15600,427.69998,10030
2.15600,427.69998,10035
2.15600,423.50000,10040
2.15600,423.50000,10045
2.15600,423.50000,10050
2.15600,423.50000,10055
2.15600,423.50000,10060
2.15600,423.50000,10066
2.15600,423.50000,10071
2.15600,423.50000,10076
2.15600,423.50000,10081
2.15600,423.50000,10086
2.15600,423.50000,10091
2.15600,423.50000,10096
2.15600,423.50000,10101
1.85400,364.79998,10107
1.85400,364.79998,10112
1.85400,364.79998,10117
1.85400,364.79998,10122
1.85400,364.79998,10127
1.85400,364.79998,10132
1.85400,364.79998,10138
1.85400,364.79998,10143
1.85400,364.79998,10148
1.85400,364.79998,10154
1.85400,364.79998,10159
1.85400,364.79998,10164
1.85400,364.79998,10169
1.47400,287.29998,10174
1.47400,287.29998,10179
1.47400,287.29998,10184
1.47400,287.29998,10189
1.47400,287.29998,10195
1.47400,287.29998,10200
1.47400,287.29998,10205
1.47400,287.29998,10210
1.47400,287.29998,10215
1.47400,287.29998,10221
1.47400,287.29998,10226
1.47400,287.29998,10231
1.47400,285.50000,10237
1.45800,285.50000,10242
1.45800,285.50000,10247
1.45800,285.50000,10252
1.45800,285.50000,10257
1.45800,285.50000,10262
1.45800,285.50000,10267
1.45800,285.50000,10272
1.45800,285.50000,10278
1.45800,285.50000,10283
1.45800,285.50000,10288
1.45800,285.50000,10293
1.45800,285.50000,10298
1.45800,278.89999,10303
1.42200,278.89999,10308
1.42200,278.89999,10313
1.42200,278.89999,10318
1.42200,278.89999,10324
1.42200,278.89999,10329
1.42200,278.89999,10334
1.42200,278.89999,10339
1.42200,278.89999,10344
1.42200,278.89999,10349
1.42200,278.89999,10355
1.42200,278.89999,10360
1.42200,278.89999,10366
1.33600,260.89999,10371
1.33600,260.89999,10376
1.33600,260.89999,10381
1.33600,260.89999,10386
1.33600,260.89999,10391
1.33600,260.89999,10396
1.33600,260.89999,10401
1.33600,260.89999,10407
1.33600,260.89999,10412
1.33600,260.89999,10417
1.33600,260.89999,10422
1.33600,260.89999,10427
1.33600,260.89999,10432
1.31400,256.10000,10438
1.31400,256.10000,10443
1.31400,256.10000,10449
1.31400,256.10000,10454
1.31400,256.10000,10459
1.31400,256.10000,10464
1.31400,256.10000,10469
1.31400,256.10000,10474
1.31400,256.10000,10479
1.31400,256.10000,10484
1.31400,256.10000,10489
1.31400,256.10000,10495
1.31400,270.50000,10500
1.38600,270.50000,10505
1.38600,270.50000,10510
1.38600,270.50000,10515
1.38600,270.50000,10520
1.38600,270.50000,10525
1.38600,270.50000,10530
1.38600,270.50000,10536
1.38600,270.50000,10541
1.38600,270.50000,10546
1.38600,270.50000,10551
1.38600,270.50000,10556
1.38600,270.50000,10561
1.38600,260.39999,10566
1.32800,260.39999,10571
1.32800,260.39999,10577
1.32800,260.39999,10583
1.32800,260.39999,10588
1.32800,260.39999,10593
1.32800,260.39999,10598
1.32800,260.39999,10603
1.32800,260.39999,10608
1.32800,260.39999,10613
1.32800,260.39999,10619
1.32800,260.39999,10624
1.32800,260.39999,10629
1.32800,357.29998,10634
1.80800,357.29998,10639
1.80800,357.29998,10644
1.80800,357.29998,10649
1.80800,357.29998,10654
1.80800,357.29998,10660
1.80800,357.29998,10666
1.80800,357.29998,10671
1.80800,357.29998,10676
1.80800,357.29998,10681
1.80800,357.29998,10686
1.80800,357.29998,10691
1.80800,357.29998,10696
1.92000,378.89999,10701
1.92000,378.89999,10707
1.92000,378.89999,10712
1.92000,378.89999,10717
1.92000,378.89999,10722
1.92000,378.89999,10727
1.92000,378.89999,10732
1.92000,378.89999,10737
1.92000,378.89999,10742
1.92000,378.89999,10749
1.92000,378.89999,10754
1.92000,378.89999,10759
1.92000,377.70001,10764
1.92000,377.70001,10769
1.92000,377.70001,10774
1.92000,377.70001,10779
1.92000,377.70001,10784
1.92000,377.70001,10790
1.92000,377.70001,10795
1.92000,377.70001,10800
1.92000,377.70001,10805
1.92000,377.70001,10810
1.92000,377.70001,10815
1.92000,377.70001,10820
1.92000,377.70001,10825
1.92000,377.50000,10830
1.91000,377.50000,10836
1.91000,377.50000,10841
1.91000,377.50000,10846
1.91000,377.50000,10851
1.91000,377.50000,10856
1.91000,377.50000,10861
1.91000,377.50000,10866
1.91000,377.50000,10871
1.91000,377.50000,10877
1.91000,377.50000,10882
1.91000,377.50000,10887
1.91000,377.50000,10892
1.91000,382.50000,10897
1.93600,382.50000,10902
1.93600,382.50000,10907
1.93600,382.50000,10912
1.93600,382.50000,10918
1.93600,382.50000,10923
1.93600,382.50000,10928
1.93600,382.50000,10933
1.93600,382.50000,10939
1.93600,382.50000,10944
1.93600,382.50000,10949
1.93600,382.50000,10954
1.93600,382.50000,10959
1.93600,372.19998,10965
1.88800,372.19998,10970
1.88800,372.19998,10975
1.88800,372.19998,10980
1.88800,372.19998,10985
1.88800,372.19998,10990
1.88800,372.19998,10995
1.88800,372.19998,11000
1.88800,372.19998,11006
1.88800,372.19998,11011
1.88800,372.19998,11016
1.88800,372.19998,11021
1.88800,372.19998,11026
1.95600,386.19998,11031
1.95600,386.19998,11037
1.95600,386.19998,11042
1.95600,386.19998,11048
1.95600,386.19998,11053
1.95600,386.19998,11058
1.95600,386.19998,11063
1.95600,386.19998,11068
1.95600,386.19998,11073
1.95600,386.19998,11078
1.95600,386.19998,11083
1.95600,386.19998,11089
1.95600,310.79998,11094
1.59200,310.79998,11099
1.59200,310.79998,11104
1.59200,310.79998,11109
1.59200,310.79998,11114
1.59200,310.79998,11119
1.59200,310.79998,11125
1.59200,310.79998,11131
1.59200,310.79998,11136
1.59200,310.79998,11141
1.59200,310.79998,11146
1.59200,310.79998,11151
1.59200,310.79998,11156
1.59200,273.20001,11161
1.40200,273.20001,11166
1.40200,273.20001,11171
1.40200,273.20001,11177
1.40200,273.20001,11182
1.40200,273.20001,11187
1.40200,273.20001,11192
1.40200,273.20001,11197
1.40200,273.20001,11202
1.40200,273.20001,11207
1.40200,273.20001,11213
1.40200,273.20001,11219
1.40200,273.20001,11224
1.40200,300.29998,11229
1.53000,300.29998,11234
1.53000,300.29998,11239
1.53000,300.29998,11244
1.53000,300.29998,11249
1.53000,300.29998,11254
1.53000,300.29998,11260
1.53000,300.29998,11265
1.53000,300.29998,11270
1.53000,300.29998,11275
1.53000,300.29998,11280
1.53000,300.29998,11285
1.53000,300.29998,11290
1.46800,287.50000,11295
1.46800,287.50000,11300
1.46800,287.50000,11306
1.46800,287.50000,11311
1.46800,287.50000,11316
1.46800,287.50000,11322
1.46800,287.50000,11327
1.46800,287.50000,11332
1.46800,287.50000,11337
1.46800,287.50000,11342
1.46800,287.50000,11348
1.46800,287.50000,11353
1.46800,287.50000,11358
1.48400,293.19998,11363
1.48400,293.19998,11368
1.48400,293.19998,11373
1.48400,293.19998,11378
1.48400,293.19998,11383
1.48400,293.19998,11389
1.48400,293.19998,11394
1.48400,293.19998,11399
1.48400,293.19998,11404
1.48400,293.19998,11409
1.48400,293.19998,11414
1.48400,293.19998,11419
1.48400,302.69998,11424
1.53400,302.69998,11430
1.53400,302.69998,11436
1.53400,302.69998,11441
1.53400,302.69998,11446
1.53400,302.69998,11451
1.53400,302.69998,11456
1.53400,302.69998,11461
1.53400,302.69998,11466
1.53400,302.69998,11471
1.53400,302.69998,11477
1.53400,302.69998,11482
1.53400,302.69998,11487
1.53400,313.69998,11492
1.60000,313.69998,11497
1.60000,313.69998,11502
1.60000,313.69998,11507
1.60000,313.69998,11512
1.60000,313.69998,11518
1.60000,313.69998,11524
1.60000,313.69998,11529
1.60000,313.69998,11534
1.60000,313.69998,11539
1.60000,313.69998,11544
1.60000,313.69998,11549
1.60000,313.69998,11554
1.51800,298.19998,11560
1.51800,298.19998,11565
1.51800,298.19998,11570
1.51800,298.19998,11575
1.51800,298.19998,11580
1.51800,298.19998,11585
1.51800,298.19998,11590
1.51800,298.19998,11595
1.51800,298.19998,11601
1.51800,298.19998,11607
1.51800,298.19998,11612
1.51800,298.19998,11617
1.51800,298.19998,11622
1.35000,262.99996,11627
1.35000,262.99996,11632
1.35000,262.99996,11637
1.35000,262.99996,11643
1.35000,262.99996,11648
1.35000,262.99996,11653
1.35000,262.99996,11658
1.35000,262.99996,11663
1.35000,262.99996,11668
1.35000,262.99996,11673
1.35000,262.99996,11678
1.35000,262.99996,11683
1.35000,257.79998,11689
1.31000,257.79998,11695
1.31000,257.79998,11700
1.31000,257.79998,11705
1.31000,257.79998,11710
1.31000,257.79998,11715
1.31000,257.79998,11720
1.31000,257.79998,11725
1.31000,257.79998,11731
1.31000,257.79998,11736
1.31000,257.79998,11741
1.31000,257.79998,11746
1.31000,257.79998,11751
1.31000,346.79998,11756
1.76200,346.79998,11761
1.76200,346.79998,11766
1.76200,346.79998,11772
1.76200,346.79998,11778
1.76200,346.79998,11783
1.76200,346.79998,11788
1.76200,346.79998,11793
1.76200,346.79998,11798
1.76200,346.79998,11803
1.76200,346.79998,11808
1.76200,346.79998,11814
1.76200,346.79998,11819
1.76600,346.79998,11824
1.76600,346.79998,11829
1.76600,346.79998,11834
1.76600,346.79998,11839
1.76600,346.79998,11844
1.76600,346.79998,11849
1.76600,346.79998,11854
1.76600,346.79998,11861
1.76600,346.79998,11866
1.76600,346.79998,11871
1.76600,346.79998,11876
1.76600,346.79998,11881
1.76600,336.60000,11886
1.71400,336.60000,11891
1.71400,336.60000,11896
1.71400,336.60000,11902
1.71400,336.60000,11907
1.71400,336.60000,11912
1.71400,336.60000,11917
1.71400,336.60000,11922
1.71400,336.60000,11927
1.71400,336.60000,11932
1.71400,336.60000,11937
1.71400,336.60000,11943
1.71400,336.60000,11948
1.71400,320.80001,11953
1.63800,320.80001,11958
1.63800,320.80001,11964
1.63800,320.80001,11969
1.63800,320.80001,11974
1.63800,320.80001,11979
1.63800,320.80001,11985
1.63800,320.80001,11990
1.63800,320.80001,11995
1.63800,320.80001,12000
1.63800,320.80001,12005
1.63800,320.80001,12010
1.63800,320.80001,12015
1.63800,322.79998,12020
1.64200,322.79998,12025
1.64200,322.79998,12031
1.64200,322.79998,12036
1.64200,322.79998,12041
1.64200,322.79998,12046
1.64200,322.79998,12052
1.64200,322.79998,12057
1.64200,322.79998,12062
1.64200,322.79998,12067
1.64200,322.79998,12073
1.64200,322.79998,12078
1.64200,322.79998,12083
1.60800,315.89999,12088
1.60800,315.89999,12093
1.60800,315.89999,12098
1.60800,315.89999,12103
1.60800,315.89999,12108
1.60800,315.89999,12114
1.60800,315.89999,12119
1.60800,315.89999,12124
1.60800,315.89999,12129
1.60800,315.89999,12135
1.60800,315.89999,12140
1.60800,315.89999,12145
1.60800,315.89999,12150
1.65200,322.99996,12156
1.65200,322.99996,12161
1.65200,322.99996,12166
1.65200,322.99996,12171
1.65200,322.99996,12176
1.65200,322.99996,12181
1.65200,322.99996,12186
1.65200,322.99996,12191
1.65200,322.99996,12196
1.65200,322.99996,12202
1.65200,322.99996,12207
1.65200,322.99996,12212
1.65200,296.39999,12218
1.50800,296.39999,12223
1.50800,296.39999,12228
1.50800,296.39999,12233
1.50800,296.39999,12238
1.50800,296.39999,12244
1.50800,296.39999,12249
1.50800,296.39999,12254
1.50800,296.39999,12259
1.50800,296.39999,12264
1.50800,296.39999,12269
1.50800,296.39999,12274
1.50800,296.39999,12279
1.50800,332.29998,12285
1.68800,332.29998,12290
1.68800,332.29998,12295
1.68800,332.29998,12300
1.68800,332.29998,12306
1.68800,332.29998,12311
1.68800,332.29998,12316
1.68800,332.29998,12321
1.68800,332.29998,12327
1.68800,332.29998,12332
1.68800,332.29998,12337
1.68800,332.29998,12342
1.68800,332.29998,12347
1.74400,342.59997,12352
1.74400,342.59997,12357
1.74400,342.59997,12362
1.74400,342.59997,12367
1.74400,342.59997,12373
1.74400,342.59997,12378
1.74400,342.59997,12383
1.74400,342.59997,12388
1.74400,342.59997,12394
1.74400,342.59997,12399
1.74400,342.59997,12404
1.74400,342.59997,12409
1.74400,342.70001,12415
1.74400,342.70001,12420
1.74400,342.70001,12425
1.74400,342.70001,12430
1.74400,342.70001,12435
1.74400,342.70001,12440
1.74400,342.70001,12445
1.74400,342.70001,12450
1.74400,342.70001,12456
1.74400,342.70001,12461
1.74400,342.70001,12466
1.74400,342.70001,12471
1.74400,342.70001,12476
1.74400,351.79998,12481
1.79200,351.79998,12486
1.79200,351.79998,12492
1.79200,351.79998,12498
1.79200,351.79998,12503
1.79200,351.79998,12508
1.79200,351.79998,12513
1.79200,351.79998,12518
1.79200,351.79998,12523
1.79200,351.79998,12528
1.79200,351.79998,12533
1.79200,351.79998,12539
1.79200,351.79998,12544
1.79200,348.00000,12549
1.77000,348.00000,12554
1.77000,348.00000,12559
1.77000,348.00000,12564
1.77000,348.00000,12569
1.77000,348.00000,12574
1.77000,348.00000,12579
1.77000,348.00000,12585
1.77000,348.00000,12590
1.77000,348.00000,12595
1.77000,348.00000,12600
1.77000,348.00000,12605
1.77000,348.00000,12610
1.76600,347.79998,12615
1.76600,347.79998,12620
1.76600,347.79998,12626
1.76600,347.79998,12631
1.76600,347.79998,12636
1.76600,347.79998,12642
1.76600,347.79998,12647
1.76600,347.79998,12652
1.76600,347.79998,12657
1.76600,347.79998,12662
1.76600,347.79998,12668
1.76600,347.79998,12673
1.76600,347.79998,12678
1.81600,357.99996,12683
1.81600,357.99996,12688
1.81600,357.99996,12693
1.81600,357.99996,12698
1.81600,357.99996,12703
1.81600,357.99996,12708
1.81600,357.99996,12714
1.81600,357.99996,12720
1.81600,357.99996,12725
1.81600,357.99996,12730
1.81600,357.99996,12735
1.81600,357.99996,12740
1.81600,361.00000,12745
1.83600,361.00000,12750
1.83600,361.00000,12756
1.83600,361.00000,12761
1.83600,361.00000,12766
1.83600,361.00000,12771
1.83600,361.00000,12776
1.83600,361.00000,12781
1.83600,361.00000,12786
1.83600,361.00000,12791
1.83600,361.00000,12797
1.83600,361.00000,12802
1.83600,361.00000,12807
1.83600,341.60000,12812
1.74600,341.60000,12817
1.74600,341.60000,12822
1.74600,341.60000,12827
1.74600,341.60000,12832
1.74600,341.60000,12838
1.74600,341.60000,12843
1.74600,341.60000,12848
1.74600,341.60000,12853
1.74600,341.60000,12858
1.74600,341.60000,12863
1.74600,341.60000,12868
1.74600,341.60000,12873
1.74600,297.69998,12878
1.52800,297.69998,12885
1.52800,297.69998,12890
1.52800,297.69998,12895
1.52800,297.69998,12900
1.52800,297.69998,12905
1.52800,297.69998,12910
1.52800,297.69998,12915
1.52800,297.69998,12920
1.52800,297.69998,12926
1.52800,297.69998,12931
1.52800,297.69998,12936
1.52800,297.69998,12941
1.51000,295.89999,12946
1.51000,295.89999,12951
1.51000,295.89999,12956
1.51000,295.89999,12961
1.51000,295.89999,12967
1.51000,295.89999,12973
1.51000,295.89999,12978
1.51000,295.89999,12983
1.51000,295.89999,12988
1.51000,295.89999,12993
1.51000,295.89999,12998
1.51000,295.89999,13003
1.51000,295.89999,13009
1.61200,315.09997,13014
1.61200,315.09997,13019
1.61200,315.09997,13024
1.61200,315.09997,13029
1.61200,315.09997,13034
1.61200,315.09997,13039
1.61200,315.09997,13044
1.61200,315.09997,13049
1.61200,315.09997,13055
1.61200,315.09997,13061
1.61200,315.09997,13066
1.61200,315.09997,13071
1.61200,294.59997,13076
1.50800,294.59997,13081
1.50800,294.59997,13086
1.50800,294.59997,13091
1.50800,294.59997,13097
1.50800,294.59997,13102
1.50800,294.59997,13107
1.50800,294.59997,13112
1.50800,294.59997,13117
1.50800,294.59997,13122
1.50800,294.59997,13127
1.50800,294.59997,13132
1.50800,294.59997,13138
1.50800,291.79998,13144
1.49000,291.79998,13149
1.49000,291.79998,13154
1.49000,291.79998,13159
1.49000,291.79998,13164
1.49000,291.79998,13169
1.49000,291.79998,13174
1.49000,291.79998,13180
1.49000,291.79998,13185
1.49000,291.79998,13190
1.49000,291.79998,13195
1.49000,291.79998,13200
1.49000,291.79998,13205
1.48200,289.70001,13210
1.48200,289.70001,13215
1.48200,289.70001,13220
1.48200,289.70001,13226
1.48200,289.70001,13231
1.48200,289.70001,13237
1.48200,289.70001,13242
1.48200,289.70001,13247
1.48200,289.70001,13252
1.48200,289.70001,13257
1.48200,289.70001,13262
1.48200,289.70001,13268
1.48200,289.70001,13273
1.47800,289.39999,13278
1.47800,289.39999,13283
1.47800,289.39999,13288
1.47800,289.39999,13293
1.47800,289.39999,13298
1.47800,289.39999,13303
1.47800,289.39999,13309
1.47800,289.39999,13314
1.47800,289.39999,13319
1.47800,289.39999,13324
1.47800,289.39999,13330
1.47800,289.39999,13335
1.47800,289.00000,13340
1.47800,289.00000,13345
1.47800,289.00000,13351
1.47800,289.00000,13356
1.47800,289.00000,13361
1.47800,289.00000,13366
1.47800,289.00000,13371
1.47800,289.00000,13376
1.47800,289.00000,13381
1.47800,289.00000,13386
1.47800,289.00000,13391
1.47800,289.00000,13397
1.47800,289.00000,13402
1.47800,289.39999,13407
1.47800,289.39999,13412
1.47800,289.39999,13417
1.47800,289.39999,13422
1.47800,289.39999,13427
1.47800,289.39999,13432
1.47800,289.39999,13438
1.47800,289.39999,13443
1.47800,289.39999,13448
1.47800,289.39999,13453
1.47800,289.39999,13458
1.47800,289.39999,13463
1.47800,289.39999,13468
1.49800,293.10000,13473
1.49800,293.10000,13480
1.49800,293.10000,13485
1.49800,293.10000,13490
1.49800,293.10000,13495
1.49800,293.10000,13500
1.49800,293.10000,13505
1.49800,293.10000,13510
1.49800,293.10000,13515
1.49800,293.10000,13521
1.49800,293.10000,13526
1.49800,293.10000,13531
1.49800,293.10000,13536
1.56000,306.09997,13541
1.56000,306.09997,13546
1.56000,306.09997,13551
1.56000,306.09997,13556
1.56000,306.09997,13561
1.56000,306.09997,13567
1.56000,306.09997,13572
1.56000,306.09997,13577
1.56000,306.09997,13583
1.56000,306.09997,13588
1.56000,306.09997,13593
1.56000,306.09997,13598
1.56000,312.59997,13603
1.59600,312.59997,13609
1.59600,312.59997,13614
1.59600,312.59997,13619
1.59600,312.59997,13624
1.59600,312.59997,13629
1.59600,312.59997,13634
1.59600,312.59997,13639
1.59600,312.59997,13644
1.59600,312.59997,13650
1.59600,312.59997,13655
1.59600,312.59997,13660
1.59600,312.59997,13665
1.59600,305.79998,13671
1.56000,305.79998,13676
1.56000,305.79998,13681
1.56000,305.79998,13686
1.56000,305.79998,13692
1.56000,305.79998,13697
1.56000,305.79998,13702
1.56000,305.79998,13707
1.56000,305.79998,13712
1.56000,305.79998,13717
1.56000,305.79998,13722
1.56000,305.79998,13727
1.56000,305.79998,13732
1.56000,307.19998,13738
1.57000,307.19998,13743
1.57000,307.19998,13748
1.57000,307.19998,13754
1.57000,307.19998,13759
1.57000,307.19998,13764
1.57000,307.19998,13769
1.57000,307.19998,13774
1.57000,307.19998,13780
1.57000,307.19998,13785
1.57000,307.19998,13790
1.57000,307.19998,13795
1.57000,307.19998,13800
1.55000,304.39999,13805
1.55000,304.39999,13810
1.55000,304.39999,13815
1.55000,304.39999,13821
1.55000,304.39999,13826
1.55000,304.39999,13831
1.55000,304.39999,13836
1.55000,304.39999,13842
1.55000,304.39999,13847
1.55000,304.39999,13852
1.55000,304.39999,13857
1.55000,304.39999,13863
1.55000,316.00000,13868
1.60800,316.00000,13873
1.60800,316.00000,13878
1.60800,316.00000,13883
1.60800,316.00000,13888
1.60800,316.00000,13893
1.60800,316.00000,13898
1.60800,316.00000,13903
1.60800,316.00000,13909
1.60800,316.00000,13914
1.60800,316.00000,13919
1.60800,316.00000,13924
1.60800,316.00000,13929
1.60800,312.39999,13934
1.59200,312.39999,13939
1.59200,312.39999,13944
1.59200,312.39999,13950
1.59200,312.39999,13955
1.59200,312.39999,13960
1.59200,312.39999,13965
1.59200,312.39999,13970
1.59200,312.39999,13975
1.59200,312.39999,13980
1.59200,312.39999,13985
1.59200,312.39999,13991
1.59200,312.39999,13997
1.59200,303.29998,14002
1.55000,303.29998,14007
1.55000,303.29998,14012
1.55000,303.29998,14017
1.55000,303.29998,14022
1.55000,303.29998,14027
1.55000,303.29998,14033
1.55000,303.29998,14038
1.55000,303.29998,14043
1.55000,303.29998,14048
1.55000,303.29998,14053
1.55000,303.29998,14058
1.55000,303.29998,14063
1.57200,307.60000,14068
1.57200,307.60000,14073
1.57200,307.60000,14079
1.57200,307.60000,14085
1.57200,307.60000,14090
1.57200,307.60000,14095
1.57200,307.60000,14100
1.57200,307.60000,14105
1.57200,307.60000,14110
1.57200,307.60000,14115
1.57200,307.60000,14121
1.57200,307.60000,14126
1.57200,307.60000,14131
1.48400,291.10000,14136
1.48400,291.10000,14141
1.48400,291.10000,14146
1.48400,291.10000,14151
1.48400,291.10000,14156
1.48400,291.10000,14162
1.48400,291.10000,14167
1.48400,291.10000,14172
1.48400,291.10000,14177
1.48400,291.10000,14182
1.48400,291.10000,14187
1.48400,291.10000,14192
1.48400,307.29998,14197
1.56600,307.29998,14204
1.56600,307.29998,14209
1.56600,307.29998,14214
1.56600,307.29998,14219
1.56600,307.29998,14224
1.56600,307.29998,14229
1.56600,307.29998,14234
1.56600,307.29998,14239
1.56600,307.29998,14244
1.56600,307.29998,14250
1.56600,307.29998,14255
1.56600,307.29998,14260
1.56600,330.89999,14265
1.68200,330.89999,14270
1.68200,330.89999,14275
1.68200,330.89999,14280
1.68200,330.89999,14286
1.68200,330.89999,14292
1.68200,330.89999,14297
1.68200,330.89999,14302
1.68200,330.89999,14307
1.68200,330.89999,14312
1.68200,330.89999,14317
1.68200,330.89999,14322
1.68200,330.89999,14327
1.58000,309.00000,14333
1.58000,309.00000,14338
1.58000,309.00000,14343
1.58000,309.00000,14348
1.58000,309.00000,14353
1.58000,309.00000,14358
1.58000,309.00000,14363
1.58000,309.00000,14368
1.58000,309.00000,14374
1.58000,309.00000,14379
1.58000,309.00000,14384
1.58000,309.00000,14389
1.58000,309.00000,14394
1.59200,311.89999,14399
1.59200,311.89999,14404
1.59200,311.89999,14409
1.59200,311.89999,14414
1.59200,311.89999,14420
1.59200,311.89999,14425
1.59200,311.89999,14431
1.59200,311.89999,14436
1.59200,311.89999,14441
1.59200,311.89999,14446
1.59200,311.89999,14451
1.59200,311.89999,14456
1.59200,311.89999,14462
1.62800,319.19998,14467
1.62800,319.19998,14472
1.62800,319.19998,14477
1.62800,319.19998,14482
1.62800,319.19998,14487
1.62800,319.19998,14492
1.62800,319.19998,14497
1.62800,319.19998,14503
1.62800,319.19998,14508
1.62800,319.19998,14514
1.62800,319.19998,14519
1.62800,319.19998,14524
1.62800,292.89999,14529
1.50000,292.89999,14534
1.50000,292.89999,14539
1.50000,292.89999,14545
1.50000,292.89999,14550
1.50000,292.89999,14555
1.50000,292.89999,14560
1.50000,292.89999,14565
1.50000,292.89999,14570
1.50000,292.89999,14575
1.50000,292.89999,14580
1.50000,292.89999,14585
1.50000,292.89999,14591
1.50000,281.29998,14596
1.43800,281.29998,14602
1.43800,281.29998,14607
1.43800,281.29998,14612
1.43800,281.29998,14617
1.43800,281.29998,14622
1.43800,281.29998,14627
1.43800,281.29998,14633
1.43800,281.29998,14638
1.43800,281.29998,14643
1.43800,281.29998,14648
1.43800,281.29998,14653
1.43800,281.29998,14658
1.43600,281.49996,14663
1.43600,281.49996,14668
1.43600,281.49996,14674
1.43600,281.49996,14679
1.43600,281.49996,14685
1.43600,281.49996,14690
1.43600,281.49996,14695
1.43600,281.49996,14700
1.43600,281.49996,14705
1.43600,281.49996,14710
1.43600,281.49996,14716
1.43600,281.49996,14721
1.43600,281.19998,14726
1.43800,281.19998,14731
1.43800,281.19998,14736
1.43800,281.19998,14741
1.43800,281.19998,14746
1.43800,281.19998,14751
1.43800,281.19998,14756
1.43800,281.19998,14762
1.43800,281.19998,14768
1.43800,281.19998,14773
1.43800,281.19998,14778
1.43800,281.19998,14783
1.43800,281.19998,14788
1.43800,286.89999,14793
1.45800,286.89999,14798
1.45800,286.89999,14804
1.45800,286.89999,14809
1.45800,286.89999,14814
1.45800,286.89999,14819
1.45800,286.89999,14824
1.45800,286.89999,14829
1.45800,286.89999,14834
1.45800,286.89999,14839
1.45800,286.89999,14845
1.45800,286.89999,14850
1.45800,286.89999,14856
1.45800,372.89999,14861
1.89000,372.89999,14866
1.89000,372.89999,14871
1.89000,372.89999,14876
1.89000,372.89999,14881
1.89000,372.89999,14887
1.89000,372.89999,14892
1.89000,372.89999,14897
1.89000,372.89999,14902
1.89000,372.89999,14907
1.89000,372.89999,14912
1.89000,372.89999,14917
1.89000,372.89999,14922
1.86200,370.00000,14927
1.86200,370.00000,14933
1.86200,370.00000,14938
1.86200,370.00000,14943
1.86200,370.00000,14948
1.86200,370.00000,14953
1.86200,370.00000,14958
1.86200,370.00000,14963
1.86200,370.00000,14968
1.86200,370.00000,14974
1.86200,370.00000,14979
1.86200,370.00000,14984
1.86200,370.00000,14989
2.10800,418.39999,14994
2.10800,418.39999,14999
2.10800,418.39999,15004
2.10800,418.39999,15010
2.10800,418.39999,15016
2.10800,418.39999,15021
2.10800,418.39999,15026
2.10800,418.39999,15031
2.10800,418.39999,15036
2.10800,418.39999,15041
2.10800,418.39999,15046
2.10800,418.39999,15051
2.10800,455.10000,15057
2.28800,455.10000,15062
2.28800,455.10000,15067
2.28800,455.10000,15072
2.28800,455.10000,15077
2.28800,455.10000,15082
2.28800,455.10000,15087
2.28800,455.10000,15092
2.28800,455.10000,15097
2.28800,455.10000,15103
2.28800,455.10000,15108
2.28800,455.10000,15113
2.28800,455.10000,15119
2.28800,428.70001,15124
2.16600,428.70001,15129
2.16600,428.70001,15134
2.16600,428.70001,15139
2.16600,428.70001,15145
2.16600,428.70001,15150
2.16600,428.70001,15155
2.16600,428.70001,15160
2.16600,428.70001,15165
2.16600,428.70001,15170
2.16600,428.70001,15175
2.16600,428.70001,15180
2.16600,428.70001,15186
2.18800,435.50000,15191
2.18800,435.50000,15196
2.18800,435.50000,15201
2.18800,435.50000,15206
2.18800,435.50000,15211
2.18800,435.50000,15216
2.18800,435.50000,15221
2.18800,435.50000,15227
2.18800,435.50000,15232
2.18800,435.50000,15237
2.18800,435.50000,15242
2.18800,435.50000,15247
2.18800,435.50000,15252
2.22200,441.29998,15257
2.22200,441.29998,15262
2.22200,441.29998,15268
2.22200,441.29998,15274
2.22200,441.29998,15279
2.22200,441.29998,15284
2.22200,441.29998,15289
2.22200,441.29998,15294
2.22200,441.29998,15299
2.22200,441.29998,15304
2.22200,441.29998,15309
2.22200,441.29998,15315
2.22200,441.29998,15320
2.26400,447.89999,15325
2.26400,447.89999,15330
2.26400,447.89999,15335
2.26400,447.89999,15340
2.26400,447.89999,15346
2.26400,447.89999,15351
2.26400,447.89999,15357
2.26400,447.89999,15362
2.26400,447.89999,15367
2.26400,447.89999,15372
2.26400,447.89999,15377
2.26400,447.89999,15382
2.26400,449.09997,15387
2.26400,449.09997,15392
2.26400,449.09997,15398
2.26400,449.09997,15403
2.26400,449.09997,15408
2.26400,449.09997,15413
2.26400,449.09997,15418
2.26400,449.09997,15423
2.26400,449.09997,15428
2.26400,449.09997,15434
2.26400,449.09997,15439
2.26400,449.09997,15445
2.26400,449.09997,15450
2.26400,467.59997,15455
2.35600,467.59997,15460
2.35600,467.59997,15465
2.35600,467.59997,15470
2.35600,467.59997,15475
2.35600,467.59997,15480
2.35600,467.59997,15486
2.35600,467.59997,15491
2.35600,467.59997,15496
2.35600,467.59997,15501
2.35600,467.59997,15506
2.35600,467.59997,15512
2.35600,467.59997,15517
2.35600,465.09997,15522
2.35600,465.09997,15528
2.35600,465.09997,15533
2.35600,465.09997,15538
2.35600,465.09997,15543
2.35600,465.09997,15548
2.35600,465.09997,15553
2.35600,465.09997,15558
2.35600,465.09997,15563
2.35600,465.09997,15569
2.35600,465.09997,15574
2.35600,465.09997,15579
2.35600,433.89999,15584
2.18800,433.89999,15589
2.18800,433.89999,15594
2.18800,433.89999,15600
2.18800,433.89999,15605
2.18800,433.89999,15611
2.18800,433.89999,15616
2.18800,433.89999,15621
2.18800,433.89999,15626
2.18800,433.89999,15631
2.18800,433.89999,15636
2.18800,433.89999,15641
2.18800,433.89999,15646
2.18800,421.70001,15651
2.12600,421.70001,15657
2.12600,421.70001,15662
2.12600,421.70001,15667
2.12600,421.70001,15672
2.12600,421.70001,15677
2.12600,421.70001,15682
2.12600,421.70001,15688
2.12600,421.70001,15693
2.12600,421.70001,15699
2.12600,421.70001,15704
2.12600,421.70001,15709
2.12600,421.70001,15714
2.12600,433.89999,15719
2.18800,433.89999,15724
2.18800,433.89999,15729
2.18800,433.89999,15734
2.18800,433.89999,15740
2.18800,433.89999,15745
2.18800,433.89999,15750
2.18800,433.89999,15755
2.18800,433.89999,15760
2.18800,433.89999,15765
2.18800,433.89999,15770
2.18800,433.89999,15776
2.18800,433.89999,15782
2.26800,450.29998,15787
2.26800,450.29998,15792
2.26800,450.29998,15797
2.26800,450.29998,15802
2.26800,450.29998,15807
2.26800,450.29998,15812
2.26800,450.29998,15817
2.26800,450.29998,15822
2.26800,450.29998,15828
2.26800,450.29998,15833
2.26800,450.29998,15838
2.26800,450.29998,15843
2.26800,466.60000,15848
2.35000,466.60000,15853
2.35000,466.60000,15858
2.35000,466.60000,15864
2.35000,466.60000,15870
2.35000,466.60000,15875
2.35000,466.60000,15880
2.35000,466.60000,15885
2.35000,466.60000,15890
2.35000,466.60000,15895
2.35000,466.60000,15900
2.35000,466.60000,15905
2.35000,466.60000,15911
2.35000,461.20001,15916
2.32000,461.20001,15921
2.32000,461.20001,15926
2.32000,461.20001,15931
2.32000,461.20001,15936
2.32000,461.20001,15941
2.32000,461.20001,15946
2.32000,461.20001,15951
2.32000,461.20001,15957
2.32000,461.20001,15962
2.32000,461.20001,15967
2.32000,461.20001,15973
2.32000,461.20001,15978
2.32000,461.89999,15983
2.32600,461.89999,15988
2.32600,461.89999,15993
2.32600,461.89999,15999
2.32600,461.89999,16004
2.32600,461.89999,16009
2.32600,461.89999,16014
2.32600,461.89999,16019
2.32600,461.89999,16024
2.32600,461.89999,16029
2.32600,461.89999,16034
2.32600,461.89999,16040
2.32600,461.89999,16045
2.35000,467.10000,16050
2.35000,467.10000,16055
2.35000,467.10000,16061
2.35000,467.10000,16066
2.35000,467.10000,16071
2.35000,467.10000,16076
2.35000,467.10000,16082
2.35000,467.10000,16087
2.35000,467.10000,16092
2.35000,467.10000,16097
2.35000,467.10000,16102
2.35000,467.10000,16107
2.35000,467.10000,16112
2.30600,457.29998,16117
2.30600,457.29998,16123
2.30600,457.29998,16128
2.30600,457.29998,16133
2.30600,457.29998,16138
2.30600,457.29998,16143
2.30600,457.29998,16148
2.30600,457.29998,16154
2.30600,457.29998,16159
2.30600,457.29998,16164
2.30600,457.29998,16170
2.30600,457.29998,16175
2.30600,418.49996,16180
2.12000,418.49996,16185
2.12000,418.49996,16190
2.12000,418.49996,16195
2.12000,418.49996,16200
2.12000,418.49996,16205
2.12000,418.49996,16211
2.12000,418.49996,16216
2.12000,418.49996,16221
2.12000,418.49996,16226
2.12000,418.49996,16231
2.12000,418.49996,16236
2.12000,418.49996,16242
2.12000,440.79998,16247
2.22400,440.79998,16253
2.22400,440.79998,16258
2.22400,440.79998,16263
2.22400,440.79998,16268
2.22400,440.79998,16273
2.22400,440.79998,16278
2.22400,440.79998,16283
2.22400,440.79998,16288
2.22400,440.79998,16294
2.22400,440.79998,16299
2.22400,440.79998,16304
2.22400,440.79998,16309
2.23200,442.70001,16314
2.23200,442.70001,16319
2.23200,442.70001,16325
2.23200,442.70001,16330
2.23200,442.70001,16335
2.23200,442.70001,16341
2.23200,442.70001,16346
2.23200,442.70001,16351
2.23200,442.70001,16356
2.23200,442.70001,16361
2.23200,442.70001,16366
2.23200,442.70001,16371
2.23200,442.70001,16376
2.37000,468.99996,16382
2.37000,468.99996,16387
2.37000,468.99996,16392
2.37000,468.99996,16397
2.37000,468.99996,16402
2.37000,468.99996,16407
2.37000,468.99996,16412
2.37000,468.99996,16418
2.37000,468.99996,16424
2.37000,468.99996,16429
2.37000,468.99996,16434
2.37000,468.99996,16439
2.37000,461.09997,16444
2.32400,461.09997,16449
2.32400,461.09997,16454
2.32400,461.09997,16459
2.32400,461.09997,16465
2.32400,461.09997,16470
2.32400,461.09997,16475
2.32400,461.09997,16480
2.32400,461.09997,16485
2.32400,461.09997,16490
2.32400,461.09997,16495
2.32400,461.09997,16500
2.32400,461.09997,16507
2.32400,423.59997,16512
2.14400,423.59997,16517
2.14400,423.59997,16522
2.14400,423.59997,16527
2.14400,423.59997,16532
2.14400,423.59997,16537
2.14400,423.59997,16542
2.14400,423.59997,16547
2.14400,423.59997,16553
2.14400,423.59997,16558
2.14400,423.59997,16563
2.14400,423.59997,16568
2.14400,423.59997,16573
1.90000,372.50000,16578
1.90000,372.50000,16583
1.90000,372.50000,16588
1.90000,372.50000,16594
1.90000,372.50000,16599
1.90000,372.50000,16604
1.90000,372.50000,16609
1.90000,372.50000,16614
1.90000,372.50000,16619
1.90000,372.50000,16624
1.90000,372.50000,16629
1.90000,372.50000,16635
1.90000,372.50000,16640
1.71400,338.79998,16646
1.71400,338.79998,16651
1.71400,338.79998,16656
1.71400,338.79998,16661
1.71400,338.79998,16666
1.71400,338.79998,16671
1.71400,338.79998,16676
1.71400,338.79998,16682
1.71400,338.79998,16687
1.71400,338.79998,16692
1.71400,338.79998,16697
1.71400,338.79998,16702
1.71400,414.29998,16707
2.09000,414.29998,16712
2.09000,414.29998,16717
2.09000,414.29998,16723
2.09000,414.29998,16729
2.09000,414.29998,16734
2.09000,414.29998,16739
2.09000,414.29998,16744
2.09000,414.29998,16749
2.09000,414.29998,16754
2.09000,414.29998,16759
2.09000,414.29998,16765
2.09000,414.29998,16770
2.09000,429.00000,16775
2.18000,429.00000,16780
2.18000,429.00000,16785
2.18000,429.00000,16790
2.18000,429.00000,16795
2.18000,429.00000,16800
2.18000,429.00000,16806
2.18000,429.00000,16811
2.18000,429.00000,16816
2.18000,429.00000,16821
2.18000,429.00000,16826
2.18000,429.00000,16831
2.18000,429.00000,16836
2.18000,439.10000,16841
2.21600,439.10000,16846
2.21600,439.10000,16852
2.21600,439.10000,16857
2.21600,439.10000,16862
2.21600,439.10000,16867
2.21600,439.10000,16872
2.21600,439.10000,16877
2.21600,439.10000,16882
2.21600,439.10000,16887
2.21600,439.10000,16894
2.21600,439.10000,16899
2.21600,439.10000,16904
2.29400,453.10000,16909
2.29400,453.10000,16914
2.29400,453.10000,16919
2.29400,453.10000,16924
2.29400,453.10000,16929
2.29400,453.10000,16935
2.29400,453.10000,16940
2.29400,453.10000,16945
2.29400,453.10000,16950
2.29400,453.10000,16955
2.29400,453.10000,16960
2.29400,453.10000,16965
2.29400,453.10000,16970
2.28800,453.69998,16975
2.28800,453.69998,16981
2.28800,453.69998,16986
2.28800,453.69998,16991
2.28800,453.69998,16996
2.28800,453.69998,17002
2.28800,453.69998,17007
2.28800,453.69998,17012
2.28800,453.69998,17017
2.28800,453.69998,17023
2.28800,453.69998,17028
2.28800,453.69998,17033
2.28800,438.79998,17038
2.21600,438.79998,17043
2.21600,438.79998,17048
2.21600,438.79998,17053
2.21600,438.79998,17058
2.21600,438.79998,17064
2.21600,438.79998,17069
2.21600,438.79998,17074
2.21600,438.79998,17080
2.21600,438.79998,17085
2.21600,438.79998,17090
2.21600,438.79998,17095
2.21600,438.79998,17100
2.21600,430.10000,17106
2.18000,430.10000,17111
2.18000,430.10000,17116
2.18000,430.10000,17121
2.18000,430.10000,17126
2.18000,430.10000,17131
2.18000,430.10000,17136
2.18000,430.10000,17141
2.18000,430.10000,17147
2.18000,430.10000,17152
2.18000,430.10000,17157
2.18000,430.10000,17162
2.18000,430.10000,17167
2.03200,401.50000,17172
2.03200,401.50000,17177
2.03200,401.50000,17182
2.03200,401.50000,17187
2.03200,401.50000,17193
2.03200,401.50000,17198
2.03200,401.50000,17203
2.03200,401.50000,17208
2.03200,401.50000,17213
2.03200,401.50000,17218
2.03200,401.50000,17224
2.03200,401.50000,17229
2.03200,401.50000,17235
1.97600,387.29998,17240
1.97600,387.29998,17245
1.97600,387.29998,17250
1.97600,387.29998,17255
1.97600,387.29998,17260
1.97600,387.29998,17265
1.97600,387.29998,17270
1.97600,387.29998,17276
1.97600,387.29998,17281
1.97600,387.29998,17286
1.97600,387.29998,17291
1.97600,387.29998,17296
1.97600,383.69998,17301
1.94000,383.69998,17306
1.94000,383.69998,17311
1.94000,383.69998,17316
1.94000,383.69998,17323
1.94000,383.69998,17328
1.94000,383.69998,17333
1.94000,383.69998,17338
1.94000,383.69998,17343
1.94000,383.69998,17348
1.94000,383.69998,17353
1.94000,383.69998,17358
1.94000,383.69998,17364
1.94000,398.50000,17369
2.02200,398.50000,17374
2.02200,398.50000,17379
2.02200,398.50000,17384
2.02200,398.50000,17389
2.02200,398.50000,17394
2.02200,398.50000,17399
2.02200,398.50000,17405
2.02200,398.50000,17410
2.02200,398.50000,17415
2.02200,398.50000,17420
2.02200,398.50000,17425
2.02200,398.50000,17430
2.02200,392.49996,17435
1.99200,392.49996,17440
1.99200,392.49996,17446
1.99200,392.49996,17452
1.99200,392.49996,17457
1.99200,392.49996,17462
1.99200,392.49996,17467
1.99200,392.49996,17472
1.99200,392.49996,17477
1.99200,392.49996,17482
1.99200,392.49996,17487
1.99200,392.49996,17493
1.99200,392.49996,17498
2.14000,424.59997,17503
2.14000,424.59997,17508
2.14000,424.59997,17513
2.14000,424.59997,17518
2.14000,424.59997,17523
2.14000,424.59997,17528
2.14000,424.59997,17535
2.14000,424.59997,17540
2.14000,424.59997,17545
2.14000,424.59997,17550
2.14000,424.59997,17555
2.14000,424.59997,17560
2.14000,424.59997,17565
2.21800,438.00000,17570
2.21800,438.00000,17576
2.21800,438.00000,17581
2.21800,438.00000,17586
2.21800,438.00000,17591
2.21800,438.00000,17596
2.21800,438.00000,17601
2.21800,438.00000,17606
2.21800,438.00000,17611
2.21800,438.00000,17617
2.21800,438.00000,17622
2.21800,438.00000,17627
2.21800,459.00000,17632
2.32400,459.00000,17637
2.32400,459.00000,17642
2.32400,459.00000,17647
2.32400,459.00000,17652
2.32400,459.00000,17657
2.32400,459.00000,17663
2.32400,459.00000,17668
2.32400,459.00000,17673
2.32400,459.00000,17678
2.32400,459.00000,17683
2.32400,459.00000,17688
2.32400,459.00000,17693
2.32400,428.70001,17698
2.16600,428.70001,17704
2.16600,428.70001,17709
2.16600,428.70001,17714
2.16600,428.70001,17719
2.16600,428.70001,17724
2.16600,428.70001,17729
2.16600,428.70001,17734
2.16600,428.70001,17740
2.16600,428.70001,17746
2.16600,428.70001,17751
2.16600,428.70001,17756
2.16600,428.70001,17761
2.16600,414.29998,17766
2.10400,414.29998,17771
2.10400,414.29998,17776
2.10400,414.29998,17781
2.10400,414.29998,17787
2.10400,414.29998,17792
2.10400,414.29998,17797
2.10400,414.29998,17802
2.10400,414.29998,17807
2.10400,414.29998,17812
2.10400,414.29998,17818
2.10400,414.29998,17823
2.10400,414.29998,17828
2.05800,406.09997,17834
2.05800,406.09997,17839
2.05800,406.09997,17844
2.05800,406.09997,17849
2.05800,406.09997,17854
2.05800,406.09997,17859
2.05800,406.09997,17864
2.05800,406.09997,17869
2.05800,406.09997,17875
2.05800,406.09997,17880
2.05800,406.09997,17885
2.05800,406.09997,17890
2.05800,406.09997,17895
2.13400,419.79998,17900
2.13400,419.79998,17905
2.13400,419.79998,17911
2.13400,419.79998,17917
2.13400,419.79998,17922
2.13400,419.79998,17927
2.13400,419.79998,17932
2.13400,419.79998,17937
2.13400,419.79998,17942
2.13400,419.79998,17947
2.13400,419.79998,17952
2.13400,419.79998,17958
2.13400,375.59997,17963
1.90000,375.59997,17968
1.90000,375.59997,17973
1.90000,375.59997,17978
1.90000,375.59997,17983
1.90000,375.59997,17988
1.90000,375.59997,17994
1.90000,375.59997,17999
1.90000,375.59997,18005
1.90000,375.59997,18010
1.90000,375.59997,18015
1.90000,375.59997,18020
1.90000,375.59997,18025
1.90000,451.50000,18030
2.27400,451.50000,18035
2.27400,451.50000,18040
2.27400,451.50000,18046
2.27400,451.50000,18051
2.27400,451.50000,18056
2.27400,451.50000,18061
2.27400,451.50000,18066
2.27400,451.50000,18071
2.27400,451.50000,18076
2.27400,451.50000,18081
2.27400,451.50000,18087
2.27400,451.50000,18092
2.34200,463.79998,18097
2.34200,463.79998,18102
2.34200,463.79998,18107
2.34200,463.79998,18112
2.34200,463.79998,18117
2.34200,463.79998,18122
2.34200,463.79998,18127
2.34200,463.79998,18134
2.34200,463.79998,18139
2.34200,463.79998,18144
2.34200,463.79998,18149
2.34200,463.79998,18154
2.34200,463.79998,18159
2.26200,447.09997,18164
2.26200,447.09997,18169
2.26200,447.09997,18175
2.26200,447.09997,18180
2.26200,447.09997,18185
2.26200,447.09997,18190
2.26200,447.09997,18195
2.26200,447.09997,18200
2.26200,447.09997,18205
2.26200,447.09997,18210
2.26200,447.09997,18217
2.26200,447.09997,18222
2.26200,452.89999,18227
2.29000,452.89999,18232
2.29000,452.89999,18237
2.29000,452.89999,18242
2.29000,452.89999,18247
2.29000,452.89999,18252
2.29000,452.89999,18258
2.29000,452.89999,18263
2.29000,452.89999,18268
2.29000,452.89999,18273
2.29000,452.89999,18278
2.29000,452.89999,18283
2.29000,452.89999,18288
2.29000,394.99996,18293
2.00200,394.99996,18299
2.00200,394.99996,18305
2.00200,394.99996,18310
2.00200,394.99996,18315
2.00200,394.99996,18320
2.00200,394.99996,18325
2.00200,394.99996,18330
2.00200,394.99996,18335
2.00200,394.99996,18340
2.00200,394.99996,18346
2.00200,394.99996,18351
2.00200,394.99996,18356
2.01800,398.09997,18361
2.01800,398.09997,18366
2.01800,398.09997,18371
2.01800,398.09997,18376
2.01800,398.09997,18381
2.01800,398.09997,18387
2.01800,398.09997,18393
2.01800,398.09997,18398
2.01800,398.09997,18403
2.01800,398.09997,18408
2.01800,398.09997,18413
2.01800,398.09997,18418
2.01800,398.09997,18423
1.95000,384.29998,18429
1.95000,384.29998,18434
1.95000,384.29998,18439
1.95000,384.29998,18444
1.95000,384.29998,18449
1.95000,384.29998,18454
1.95000,384.29998,18459
1.95000,384.29998,18464
1.95000,384.29998,18470
1.95000,384.29998,18475
1.95000,384.29998,18481
1.95000,384.29998,18486
1.95000,386.59997,18491
1.96000,386.59997,18496
1.96000,386.59997,18501
1.96000,386.59997,18506
1.96000,386.59997,18511
1.96000,386.59997,18517
1.96000,386.59997,18522
1.96000,386.59997,18527
1.96000,386.59997,18532
1.96000,386.59997,18537
1.96000,386.59997,18542
1.96000,386.59997,18547
1.96000,386.59997,18552
1.96000,379.10000,18558
1.92400,379.10000,18563
1.92400,379.10000,18568
1.92400,379.10000,18574
1.92400,379.10000,18579
1.92400,379.10000,18584
1.92400,379.10000,18589
1.92400,379.10000,18594
1.92400,379.10000,18600
1.92400,379.10000,18605
1.92400,379.10000,18610
1.92400,379.10000,18615
1.92400,379.10000,18620
1.98600,392.80001,18625
1.98600,392.80001,18630
1.98600,392.80001,18635
1.98600,392.80001,18641
1.98600,392.80001,18646
1.98600,392.80001,18651
1.98600,392.80001,18656
1.98600,392.80001,18661
1.98600,392.80001,18666
1.98600,392.80001,18671
1.98600,392.80001,18676
1.98600,392.80001,18683
1.98600,392.80001,18688
2.02800,399.89999,18693
2.02800,399.89999,18698
2.02800,399.89999,18703
2.02800,399.89999,18708
2.02800,399.89999,18713
2.02800,399.89999,18718
2.02800,399.89999,18723
2.02800,399.89999,18729
2.02800,399.89999,18734
2.02800,399.89999,18739
2.02800,399.89999,18744
2.02800,399.89999,18749
2.02800,381.60000,18754
1.93600,381.60000,18759
1.93600,381.60000,18764
1.93600,381.60000,18770
1.93600,381.60000,18776
1.93600,381.60000,18781
1.93600,381.60000,18786
1.93600,381.60000,18791
1.93600,381.60000,18796
1.93600,381.60000,18801
1.93600,381.60000,18806
1.93600,381.60000,18812
1.93600,381.60000,18817
1.93600,376.49996,18822
1.91600,376.49996,18827
1.91600,376.49996,18832
1.91600,376.49996,18837
1.91600,376.49996,18842
1.91600,376.49996,18847
1.91600,376.49996,18852
1.91600,376.49996,18858
1.91600,376.49996,18864
1.91600,376.49996,18869
1.91600,376.49996,18874
1.91600,376.49996,18879
1.91600,376.49996,18884
1.71400,337.39999,18889
1.71400,337.39999,18894
1.71400,337.39999,18900
1.71400,337.39999,18905
1.71400,337.39999,18910
1.71400,337.39999,18915
1.71400,337.39999,18920
1.71400,337.39999,18925
1.71400,337.39999,18930
1.71400,337.39999,18935
1.71400,337.39999,18942
1.71400,337.39999,18947
1.71400,337.39999,18952
1.82800,359.69998,18957
1.82800,359.69998,18962
1.82800,359.69998,18967
1.82800,359.69998,18972
1.82800,359.69998,18977
1.82800,359.69998,18983
1.82800,359.69998,18988
1.82800,359.69998,18993
1.82800,359.69998,18998
1.82800,359.69998,19003
1.82800,359.69998,19008
1.82800,359.69998,19013
1.82800,391.70001,19018
1.99000,391.70001,19023
1.99000,391.70001,19030
1.99000,391.70001,19035
1.99000,391.70001,19040
1.99000,391.70001,19045
1.99000,391.70001,19050
1.99000,391.70001,19055
1.99000,391.70001,19060
1.99000,391.70001,19065
1.99000,391.70001,19071
1.99000,391.70001,19076
1.99000,391.70001,19081
1.99000,374.19998,19086
1.89800,374.19998,19091
1.89800,374.19998,19096
1.89800,374.19998,19101
1.89800,374.19998,19106
1.89800,374.19998,19112
1.89800,374.19998,19117
1.89800,374.19998,19122
1.89800,374.19998,19127
1.89800,374.19998,19133
1.89800,374.19998,19138
1.89800,374.19998,19143
1.89800,374.19998,19148
1.67400,326.89999,19154
1.67400,326.89999,19159
1.67400,326.89999,19164
1.67400,326.89999,19169
1.67400,326.89999,19174
1.67400,326.89999,19179
1.67400,326.89999,19184
1.67400,326.89999,19189
1.67400,326.89999,19195
1.67400,326.89999,19200
1.67400,326.89999,19205
1.67400,326.89999,19211
1.67400,326.89999,19216
1.38600,271.20001,19221
1.38600,271.20001,19226
1.38600,271.20001,19231
1.38600,271.20001,19236
1.38600,271.20001,19242
1.38600,271.20001,19247
1.38600,271.20001,19252
1.38600,271.20001,19257
1.38600,271.20001,19262
1.38600,271.20001,19267
1.38600,271.20001,19272
1.38600,271.20001,19277
1.38600,271.00000,19283
1.38600,271.00000,19288
1.38600,271.00000,19293
1.38600,271.00000,19298
1.38600,271.00000,19303
1.38600,271.00000,19308
1.38600,271.00000,19313
1.38600,271.00000,19318
1.38600,271.00000,19324
1.38600,271.00000,19329
1.38600,271.00000,19334
1.38600,271.00000,19339
1.38600,271.00000,19344
1.38600,273.79998,19349
1.40200,273.79998,19354
1.40200,273.79998,19359
1.40200,273.79998,19366
1.40200,273.79998,19371
1.40200,273.79998,19376
1.40200,273.79998,19381
1.40200,273.79998,19386
1.40200,273.79998,19391
1.40200,273.79998,19396
1.40200,273.79998,19401
1.40200,273.79998,19406
1.40200,273.79998,19412
1.40200,269.80001,19417
1.38200,269.80001,19422
1.38200,269.80001,19427
1.38200,269.80001,19432
1.38200,269.80001,19437
1.38200,269.80001,19442
1.38200,269.80001,19447
1.38200,269.80001,19454
1.38200,269.80001,19459
1.38200,269.80001,19464
1.38200,269.80001,19469
1.38200,269.80001,19474
1.38200,269.80001,19479
1.38600,271.00000,19484
1.38600,271.00000,19489
1.38600,271.00000,19495
1.38600,271.00000,19500
1.38600,271.00000,19505
1.38600,271.00000,19510
1.38600,271.00000,19515
1.38600,271.00000,19520
1.38600,271.00000,19525
1.38600,271.00000,19530
1.38600,271.00000,19535
1.38600,271.00000,19541
1.38600,271.00000,19546
1.38600,270.79998,19551
1.38600,270.79998,19556
1.38600,270.79998,19561
1.38600,270.79998,19566
1.38600,270.79998,19571
1.38600,270.79998,19576
1.38600,270.79998,19582
1.38600,270.79998,19587
1.38600,270.79998,19592
1.38600,270.79998,19597
1.38600,270.79998,19603
1.38600,270.79998,19608
1.38600,276.39999,19613
1.41600,276.39999,19618
1.41600,276.39999,19624
1.41600,276.39999,19629
1.41600,276.39999,19634
1.41600,276.39999,19639
1.41600,276.39999,19644
1.41600,276.39999,19649
1.41600,276.39999,19654
1.41600,276.39999,19659
1.41600,276.39999,19665
1.41600,276.39999,19670
1.41600,276.39999,19675
1.41600,289.70001,19680
1.48400,289.70001,19686
1.48400,289.70001,19691
1.48400,289.70001,19696
1.48400,289.70001,19701
1.48400,289.70001,19707
1.48400,289.70001,19712
1.48400,289.70001,19717
1.48400,289.70001,19722
1.48400,289.70001,19727
1.48400,289.70001,19732
1.48400,289.70001,19737
1.48400,289.70001,19742
1.41000,275.70001,19747
1.41000,275.70001,19753
1.41000,275.70001,19758
1.41000,275.70001,19763
1.41000,275.70001,19768
1.41000,275.70001,19773
1.41000,275.70001,19778
1.41000,275.70001,19783
1.41000,275.70001,19789
1.41000,275.70001,19795
1.41000,275.70001,19800
1.41000,275.70001,19805
1.41000,275.70001,19810
1.38600,271.20001,19815
1.38600,271.20001,19820
1.38600,271.20001,19825
1.38600,271.20001,19830
1.38600,271.20001,19836
1.38600,271.20001,19841
1.38600,271.20001,19846
1.38600,271.20001,19851
1.38600,271.20001,19856
1.38600,271.20001,19861
1.38600,271.20001,19866
1.38600,271.20001,19871
1.38600,271.69998,19876
1.38200,271.69998,19883
1.38200,271.69998,19888
1.38200,271.69998,19893
1.38200,271.69998,19898
1.38200,271.69998,19903
1.38200,271.69998,19908
1.38200,271.69998,19913
1.38200,271.69998,19918
1.38200,271.69998,19924
1.38200,271.69998,19929
1.38200,271.69998,19934
1.38200,271.69998,19939
1.38200,339.49996,19944
1.73000,339.49996,19949
1.73000,339.49996,19954
1.73000,339.49996,19959
1.73000,339.49996,19966
1.73000,339.49996,19971
1.73000,339.49996,19976
1.73000,339.49996,19981
1.73000,339.49996,19986
1.73000,339.49996,19991
1.73000,339.49996,19996
1.73000,339.49996,20001
